    ,number ,value                ,datetime_start             ,datetime_complete          ,duration               ,params_activation_fn ,params_batch_size ,params_cg_max_steps ,params_gae_lambda ,params_gamma ,params_learning_rate   ,params_n_critic_updates ,params_n_steps ,params_net_arch ,params_target_kl ,state
  0 ,     0 ,-6.222159400000001   ,2024-01-27 13:06:22.842908 ,2024-01-27 13:12:42.203807 ,0 days 00:06:19.360899 ,tanh                 ,              256 ,                 30 ,             1.0  ,      0.9999 ,1.1524579678573866e-05 ,                     10 ,           256 ,small           ,           0.02  ,COMPLETE
  1 ,     1 ,2.1145855            ,2024-01-27 13:12:42.204809 ,2024-01-27 13:24:36.670163 ,0 days 00:11:54.465354 ,relu                 ,                8 ,                 30 ,             1.0  ,      0.9    ,0.005149464519272609   ,                     20 ,            32 ,medium          ,           0.005 ,COMPLETE
  2 ,     2 ,-8.3978243           ,2024-01-27 13:24:36.670163 ,2024-01-27 13:31:01.085872 ,0 days 00:06:24.415709 ,relu                 ,              256 ,                  5 ,             0.98 ,      0.9999 ,0.00020978680753251734 ,                      5 ,           256 ,medium          ,           0.001 ,COMPLETE
  3 ,     3 ,0.23054659999999955  ,2024-01-27 13:31:01.085872 ,2024-01-27 13:39:57.082627 ,0 days 00:08:55.996755 ,relu                 ,                8 ,                 20 ,             0.98 ,      0.999  ,0.003729346250707579   ,                     10 ,             8 ,medium          ,           0.05  ,COMPLETE
  4 ,     4 ,-12.782686400000001  ,2024-01-27 13:39:57.083601 ,2024-01-27 13:46:15.025649 ,0 days 00:06:17.942048 ,tanh                 ,              128 ,                 25 ,             0.92 ,      0.95   ,0.0038560707128203866  ,                     10 ,          1024 ,small           ,           0.05  ,COMPLETE
  5 ,     5 ,3.8989841            ,2024-01-27 13:46:15.026647 ,2024-01-27 13:58:09.895326 ,0 days 00:11:54.868679 ,relu                 ,                8 ,                 30 ,             1.0  ,      0.9    ,0.008347709480698136   ,                     20 ,            32 ,medium          ,           0.005 ,COMPLETE
  6 ,     6 ,4.6196362            ,2024-01-27 13:58:09.896333 ,2024-01-27 14:06:15.045532 ,0 days 00:08:05.149199 ,relu                 ,               64 ,                 10 ,             0.8  ,      0.9    ,0.0002467013388528315  ,                     20 ,            16 ,medium          ,           0.005 ,COMPLETE
  7 ,     7 ,0.3260844999999996   ,2024-01-27 14:06:15.046531 ,2024-01-27 14:14:53.045885 ,0 days 00:08:37.999354 ,relu                 ,               64 ,                 10 ,             0.8  ,      0.995  ,0.0002478864896716754  ,                     25 ,            16 ,medium          ,           0.01  ,COMPLETE
  8 ,     8 ,4.6031968999999995   ,2024-01-27 14:14:53.046822 ,2024-01-27 14:21:56.202380 ,0 days 00:07:03.155558 ,tanh                 ,               16 ,                 10 ,             0.95 ,      0.98   ,2.6809024120709858e-05 ,                     30 ,            16 ,small           ,           0.1   ,COMPLETE
  9 ,     9 ,3.6586717            ,2024-01-27 14:21:56.203379 ,2024-01-27 14:28:49.705715 ,0 days 00:06:53.502336 ,relu                 ,               64 ,                 10 ,             0.8  ,      0.99   ,0.0008240946416681365  ,                     20 ,           128 ,medium          ,           0.03  ,COMPLETE
 10 ,    10 ,-10.7649074          ,2024-01-27 14:28:49.706714 ,2024-01-27 14:32:09.360249 ,0 days 00:03:19.653535 ,tanh                 ,              512 ,                  5 ,             0.9  ,      0.9    ,6.0819120043710054e-05 ,                      5 ,           512 ,small           ,           0.005 ,PRUNED
 11 ,    11 ,2.4614715            ,2024-01-27 14:32:09.360249 ,2024-01-27 14:39:13.345606 ,0 days 00:07:03.985357 ,tanh                 ,               16 ,                 10 ,             0.95 ,      0.98   ,2.403358297078331e-05  ,                     30 ,            16 ,small           ,           0.1   ,COMPLETE
 12 ,    12 ,2.3510628000000002   ,2024-01-27 14:39:13.346588 ,2024-01-27 14:46:17.371335 ,0 days 00:07:04.024747 ,tanh                 ,               32 ,                 10 ,             0.99 ,      0.98   ,8.650166940037499e-05  ,                     30 ,            16 ,small           ,           0.1   ,COMPLETE
 13 ,    13 ,-0.5425133000000001  ,2024-01-27 14:46:17.372339 ,2024-01-27 14:49:58.263023 ,0 days 00:03:40.890684 ,tanh                 ,               16 ,                 10 ,             0.95 ,      0.98   ,0.0008618271702041251  ,                     30 ,            64 ,small           ,           0.1   ,PRUNED
 14 ,    14 ,-2.1863726000000008  ,2024-01-27 14:49:58.264002 ,2024-01-27 14:53:35.221033 ,0 days 00:03:36.957031 ,relu                 ,               64 ,                 20 ,             0.95 ,      0.995  ,4.8080957920387395e-05 ,                     25 ,          2048 ,medium          ,           0.03  ,PRUNED
 15 ,    15 ,0.2140079999999996   ,2024-01-27 14:53:35.222034 ,2024-01-27 14:57:19.029414 ,0 days 00:03:43.807380 ,tanh                 ,               16 ,                 25 ,             0.8  ,      0.95   ,0.0008644137838881343  ,                     30 ,            16 ,small           ,           0.02  ,PRUNED
 16 ,    16 ,3.8936479            ,2024-01-27 14:57:19.030394 ,2024-01-27 15:04:39.751488 ,0 days 00:07:20.721094 ,tanh                 ,               32 ,                 10 ,             0.92 ,      0.999  ,0.00012212802590231818 ,                     20 ,            16 ,medium          ,           0.001 ,COMPLETE
 17 ,    17 ,-6.154592200000001   ,2024-01-27 15:04:39.752493 ,2024-01-27 15:08:02.237565 ,0 days 00:03:22.485072 ,relu                 ,              128 ,                 10 ,             0.9  ,      0.99   ,2.620711735253871e-05  ,                     20 ,          1024 ,small           ,           0.01  ,PRUNED
 18 ,    18 ,4.6030645            ,2024-01-27 15:08:02.238582 ,2024-01-27 15:17:13.049353 ,0 days 00:09:10.810771 ,tanh                 ,               64 ,                 10 ,             0.99 ,      0.9    ,0.0004732950030794231  ,                     30 ,             8 ,medium          ,           0.1   ,COMPLETE
 19 ,    19 ,0.9414298000000001   ,2024-01-27 15:17:13.050335 ,2024-01-27 15:20:36.323500 ,0 days 00:03:23.273165 ,relu                 ,               16 ,                 20 ,             0.8  ,      0.98   ,0.0019252403787157334  ,                      5 ,            64 ,small           ,           0.005 ,PRUNED
 20 ,    20 ,-10.5400685          ,2024-01-27 15:20:36.325497 ,2024-01-27 15:24:03.700746 ,0 days 00:03:27.375249 ,relu                 ,              512 ,                 25 ,             0.95 ,      0.98   ,1.0994514946494669e-05 ,                     25 ,          2048 ,medium          ,           0.005 ,PRUNED
 21 ,    21 ,0.18046099999999968  ,2024-01-27 15:24:03.701729 ,2024-01-27 15:28:51.512858 ,0 days 00:04:47.811129 ,tanh                 ,               64 ,                 10 ,             0.99 ,      0.9    ,0.00044018323997616386 ,                     30 ,             8 ,medium          ,           0.1   ,PRUNED
 22 ,    22 ,4.607338             ,2024-01-27 15:28:51.513835 ,2024-01-27 15:38:22.631257 ,0 days 00:09:31.117422 ,tanh                 ,               64 ,                 10 ,             0.99 ,      0.9    ,0.0005281677829048355  ,                     30 ,             8 ,medium          ,           0.1   ,COMPLETE
 23 ,    23 ,2.857343             ,2024-01-27 15:38:22.632258 ,2024-01-27 15:45:12.522304 ,0 days 00:06:49.890046 ,tanh                 ,               64 ,                 10 ,             0.99 ,      0.9    ,0.0001364920475899462  ,                     30 ,           128 ,medium          ,           0.1   ,COMPLETE
 24 ,    24 ,0.9398097999999999   ,2024-01-27 15:45:12.523304 ,2024-01-27 15:48:49.128744 ,0 days 00:03:36.605440 ,tanh                 ,               64 ,                 10 ,             0.99 ,      0.9    ,0.0015416661019474222  ,                     30 ,           512 ,medium          ,           0.1   ,PRUNED
 25 ,    25 ,2.419581             ,2024-01-27 15:48:49.129743 ,2024-01-27 15:53:12.467827 ,0 days 00:04:23.338084 ,tanh                 ,               16 ,                  5 ,             0.95 ,      0.9    ,3.4620069989622595e-05 ,                     20 ,             8 ,medium          ,           0.1   ,PRUNED
 26 ,    26 ,0.2721426            ,2024-01-27 15:53:12.468803 ,2024-01-27 15:56:55.611739 ,0 days 00:03:43.142936 ,tanh                 ,               64 ,                 10 ,             0.8  ,      0.99   ,0.0004211388080972878  ,                     30 ,            16 ,small           ,           0.02  ,PRUNED
 27 ,    27 ,2.4189837999999995   ,2024-01-27 15:56:55.612839 ,2024-01-27 16:01:02.168460 ,0 days 00:04:06.555621 ,tanh                 ,              128 ,                 10 ,             0.92 ,      0.999  ,0.00016436961641823634 ,                     30 ,            16 ,medium          ,           0.05  ,PRUNED
 28 ,    28 ,4.6133658            ,2024-01-27 16:01:02.169490 ,2024-01-27 16:08:39.763968 ,0 days 00:07:37.594478 ,relu                 ,               32 ,                 10 ,             0.9  ,      0.995  ,0.0016371957930697595  ,                     20 ,             8 ,small           ,           0.01  ,COMPLETE
 29 ,    29 ,2.3708054000000005   ,2024-01-27 16:08:39.764952 ,2024-01-27 16:12:39.292369 ,0 days 00:03:59.527417 ,relu                 ,               32 ,                 30 ,             0.9  ,      0.995  ,0.0018465919219052482  ,                     20 ,             8 ,small           ,           0.01  ,PRUNED
 30 ,    30 ,2.251018699999999    ,2024-01-27 16:12:39.293350 ,2024-01-27 16:18:27.076565 ,0 days 00:05:47.783215 ,relu                 ,              256 ,                 20 ,             0.9  ,      0.9999 ,0.0011242531980782762  ,                     20 ,             8 ,medium          ,           0.01  ,PRUNED
 31 ,    31 ,-6.628476800000001   ,2024-01-27 16:18:27.077545 ,2024-01-27 16:21:49.909451 ,0 days 00:03:22.831906 ,relu                 ,               32 ,                 10 ,             0.9  ,      0.995  ,1.6129243113722656e-05 ,                     10 ,           256 ,small           ,           0.01  ,PRUNED
 32 ,    32 ,2.4145201            ,2024-01-27 16:21:49.910432 ,2024-01-27 16:25:48.200757 ,0 days 00:03:58.290325 ,relu                 ,               32 ,                 10 ,             1.0  ,      0.995  ,0.0027209689229435864  ,                     20 ,             8 ,small           ,           0.005 ,PRUNED
 33 ,    33 ,4.6179726            ,2024-01-27 16:25:48.200757 ,2024-01-27 16:32:23.748063 ,0 days 00:06:35.547306 ,relu                 ,              256 ,                 30 ,             0.98 ,      0.9999 ,0.0006112871861204128  ,                     20 ,            32 ,small           ,           0.03  ,COMPLETE
 34 ,    34 ,2.4112856999999996   ,2024-01-27 16:32:23.749066 ,2024-01-27 16:35:51.019253 ,0 days 00:03:27.270187 ,relu                 ,              256 ,                 30 ,             0.98 ,      0.9999 ,0.0005342033435488659  ,                     20 ,            32 ,small           ,           0.03  ,PRUNED
 35 ,    35 ,0.14474059999999955  ,2024-01-27 16:35:51.021253 ,2024-01-27 16:39:19.613788 ,0 days 00:03:28.592535 ,relu                 ,              256 ,                 30 ,             0.98 ,      0.9999 ,0.000611010778117138   ,                     20 ,            32 ,small           ,           0.03  ,PRUNED
 36 ,    36 ,2.177234             ,2024-01-27 16:39:19.615792 ,2024-01-27 16:43:07.771196 ,0 days 00:03:48.155404 ,relu                 ,              256 ,                 30 ,             0.98 ,      0.9999 ,0.00027267599899726794 ,                     20 ,            32 ,medium          ,           0.001 ,PRUNED
 37 ,    37 ,-0.1300970000000005  ,2024-01-27 16:43:07.772199 ,2024-01-27 16:47:41.347170 ,0 days 00:04:33.574971 ,relu                 ,                8 ,                 30 ,             0.98 ,      0.95   ,0.006854783734971866   ,                     10 ,           256 ,medium          ,           0.03  ,PRUNED
 38 ,    38 ,-8.5469354           ,2024-01-27 16:47:41.347170 ,2024-01-27 16:51:00.617752 ,0 days 00:03:19.270582 ,relu                 ,              256 ,                 25 ,             1.0  ,      0.9999 ,0.00020445964902472474 ,                      5 ,          1024 ,small           ,           0.05  ,PRUNED
 39 ,    39 ,0.2605763            ,2024-01-27 16:51:00.618732 ,2024-01-27 16:54:51.227426 ,0 days 00:03:50.608694 ,relu                 ,              512 ,                 30 ,             0.8  ,      0.9    ,0.0003344664393451168  ,                     20 ,            32 ,medium          ,           0.01  ,PRUNED
 40 ,    40 ,2.2843429            ,2024-01-27 16:54:51.228401 ,2024-01-27 16:58:49.608232 ,0 days 00:03:58.379831 ,relu                 ,                8 ,                  5 ,             0.98 ,      0.995  ,0.0042027103491515845  ,                     20 ,             8 ,small           ,           0.005 ,PRUNED
 41 ,    41 ,-1.9062801999999994  ,2024-01-27 16:58:49.609212 ,2024-01-27 17:02:28.406338 ,0 days 00:03:38.797126 ,tanh                 ,               64 ,                 10 ,             0.9  ,      0.9    ,0.002765113755705267   ,                     25 ,            16 ,small           ,           0.03  ,PRUNED
 42 ,    42 ,3.8802649000000002   ,2024-01-27 17:02:28.407339 ,2024-01-27 17:09:01.167944 ,0 days 00:06:32.760605 ,relu                 ,               16 ,                 10 ,             0.95 ,      0.98   ,0.001170575294392214   ,                     10 ,           128 ,small           ,           0.02  ,COMPLETE
 43 ,    43 ,4.0535124            ,2024-01-27 17:09:01.168973 ,2024-01-27 17:15:32.036625 ,0 days 00:06:30.867652 ,tanh                 ,               32 ,                 10 ,             0.99 ,      0.999  ,8.047920942270063e-05  ,                     20 ,           512 ,small           ,           0.1   ,COMPLETE
 44 ,    44 ,-0.20781800000000042 ,2024-01-27 17:15:32.036625 ,2024-01-27 17:18:51.224121 ,0 days 00:03:19.187496 ,relu                 ,               64 ,                  5 ,             0.8  ,      0.9999 ,0.0012142632826979865  ,                      5 ,            64 ,small           ,           0.001 ,PRUNED
 45 ,    45 ,1.9570245            ,2024-01-27 17:18:51.224121 ,2024-01-27 17:22:33.015185 ,0 days 00:03:41.791064 ,tanh                 ,              128 ,                 10 ,             0.92 ,      0.95   ,0.0007451642642181716  ,                     30 ,            16 ,small           ,           0.005 ,PRUNED
 46 ,    46 ,2.3625655            ,2024-01-27 17:22:33.016212 ,2024-01-27 17:26:01.040324 ,0 days 00:03:28.024112 ,relu                 ,              256 ,                 20 ,             0.95 ,      0.98   ,0.00033505819183920295 ,                     20 ,            32 ,small           ,           0.1   ,PRUNED
 47 ,    47 ,-6.639984200000001   ,2024-01-27 17:26:01.041298 ,2024-01-27 17:30:08.979155 ,0 days 00:04:07.937857 ,tanh                 ,               16 ,                 10 ,             0.98 ,      0.9    ,0.0027116185090341922  ,                     30 ,          2048 ,medium          ,           0.03  ,PRUNED
 48 ,    48 ,0.2568702999999997   ,2024-01-27 17:30:08.980156 ,2024-01-27 17:33:48.062596 ,0 days 00:03:39.082440 ,relu                 ,               32 ,                 25 ,             1.0  ,      0.995  ,1.6961742252502587e-05 ,                     25 ,            16 ,small           ,           0.01  ,PRUNED
 49 ,    49 ,2.4643746999999996   ,2024-01-27 17:33:48.063598 ,2024-01-27 17:38:09.676329 ,0 days 00:04:21.612731 ,tanh                 ,               64 ,                 30 ,             0.9  ,      0.99   ,0.0006784637887092484  ,                     20 ,             8 ,medium          ,           0.05  ,PRUNED
 50 ,    50 ,0.9410283000000002   ,2024-01-27 17:38:09.677310 ,2024-01-27 17:41:29.924167 ,0 days 00:03:20.246857 ,relu                 ,              512 ,                 10 ,             0.8  ,      0.98   ,0.00021537192968453035 ,                     30 ,           256 ,small           ,           0.1   ,PRUNED
 51 ,    51 ,-1.9320728999999996  ,2024-01-27 17:41:29.925193 ,2024-01-27 17:46:16.268264 ,0 days 00:04:46.343071 ,tanh                 ,               64 ,                 10 ,             0.99 ,      0.9    ,0.0004974500076980503  ,                     30 ,             8 ,medium          ,           0.1   ,PRUNED
 52 ,    52 ,3.8131521999999998   ,2024-01-27 17:46:16.270162 ,2024-01-27 17:55:39.629202 ,0 days 00:09:23.359040 ,tanh                 ,               64 ,                 10 ,             0.99 ,      0.9    ,0.000951499606536946   ,                     30 ,             8 ,medium          ,           0.1   ,COMPLETE
 53 ,    53 ,3.1876361999999996   ,2024-01-27 17:55:39.629202 ,2024-01-27 18:00:26.295292 ,0 days 00:04:46.666090 ,tanh                 ,               64 ,                 10 ,             0.99 ,      0.9    ,0.00038577602233811796 ,                     30 ,             8 ,medium          ,           0.1   ,PRUNED
 54 ,    54 ,-4.415442700000001   ,2024-01-27 18:00:26.296319 ,2024-01-27 18:04:02.733830 ,0 days 00:03:36.437511 ,tanh                 ,               64 ,                 10 ,             0.99 ,      0.9    ,9.815214334241833e-05  ,                     30 ,          1024 ,medium          ,           0.005 ,PRUNED
 55 ,    55 ,2.4261713999999994   ,2024-01-27 18:04:02.734812 ,2024-01-27 18:09:22.820955 ,0 days 00:05:20.086143 ,tanh                 ,               16 ,                 10 ,             0.95 ,      0.9    ,0.0017692731251762197  ,                     30 ,             8 ,medium          ,           0.1   ,PRUNED
 56 ,    56 ,2.3176560999999998   ,2024-01-27 18:09:22.821934 ,2024-01-27 18:13:00.721053 ,0 days 00:03:37.899119 ,tanh                 ,                8 ,                 10 ,             0.99 ,      0.98   ,5.803242276285617e-05  ,                      5 ,            16 ,medium          ,           0.02  ,PRUNED
 57 ,    57 ,-2.1239282000000004  ,2024-01-27 18:13:00.722035 ,2024-01-27 18:16:33.742781 ,0 days 00:03:33.020746 ,tanh                 ,               64 ,                 20 ,             0.99 ,      0.9    ,0.00016296351595221372 ,                     20 ,           128 ,medium          ,           0.1   ,PRUNED
 58 ,    58 ,-4.4229270000000005  ,2024-01-27 18:16:33.743762 ,2024-01-27 18:19:58.621044 ,0 days 00:03:24.877282 ,relu                 ,              128 ,                  5 ,             0.8  ,      0.995  ,0.0014370418086505623  ,                     30 ,            64 ,small           ,           0.01  ,PRUNED
 59 ,    59 ,-0.3237779000000004  ,2024-01-27 18:19:58.622024 ,2024-01-27 18:23:35.563081 ,0 days 00:03:36.941057 ,tanh                 ,               16 ,                 10 ,             0.92 ,      0.999  ,3.802294924023114e-05  ,                     10 ,           512 ,medium          ,           0.001 ,PRUNED
 60 ,    60 ,-8.3492651           ,2024-01-27 18:23:35.564082 ,2024-01-27 18:27:02.538094 ,0 days 00:03:26.974012 ,relu                 ,               32 ,                 25 ,             0.9  ,      0.99   ,0.0002518255172294513  ,                     20 ,          2048 ,small           ,           0.03  ,PRUNED
 61 ,    61 ,3.8686955            ,2024-01-27 18:27:02.539076 ,2024-01-27 18:33:33.198029 ,0 days 00:06:30.658953 ,tanh                 ,               32 ,                 10 ,             0.99 ,      0.999  ,0.00010791586126746142 ,                     20 ,           512 ,small           ,           0.1   ,COMPLETE
 62 ,    62 ,0.9407533000000001   ,2024-01-27 18:33:33.199008 ,2024-01-27 18:36:59.607744 ,0 days 00:03:26.408736 ,tanh                 ,               32 ,                 10 ,             0.99 ,      0.999  ,2.0688038800199797e-05 ,                     20 ,           512 ,small           ,           0.1   ,PRUNED
 63 ,    63 ,0.06885049999999984  ,2024-01-27 18:36:59.607744 ,2024-01-27 18:40:26.158285 ,0 days 00:03:26.550541 ,tanh                 ,               32 ,                 10 ,             0.99 ,      0.999  ,7.592988681806021e-05  ,                     20 ,           512 ,small           ,           0.1   ,PRUNED
 64 ,    64 ,2.461611             ,2024-01-27 18:40:26.159183 ,2024-01-27 18:44:01.460243 ,0 days 00:03:35.301060 ,tanh                 ,               32 ,                 10 ,             0.95 ,      0.999  ,3.705693865054052e-05  ,                     20 ,            16 ,small           ,           0.1   ,PRUNED
 65 ,    65 ,2.4196441            ,2024-01-27 18:44:01.461226 ,2024-01-27 18:48:00.413558 ,0 days 00:03:58.952332 ,tanh                 ,               64 ,                 10 ,             0.99 ,      0.95   ,0.00015773884553695505 ,                     25 ,             8 ,small           ,           0.005 ,PRUNED
 66 ,    66 ,2.4660415            ,2024-01-27 18:48:00.413558 ,2024-01-27 18:51:51.004088 ,0 days 00:03:50.590530 ,tanh                 ,              256 ,                 30 ,             0.98 ,      0.9999 ,7.066074749683544e-05  ,                     30 ,            32 ,medium          ,           0.1   ,PRUNED
 67 ,    67 ,-6.2333069000000005  ,2024-01-27 18:51:51.004088 ,2024-01-27 18:55:14.457042 ,0 days 00:03:23.452954 ,relu                 ,               64 ,                 10 ,             0.99 ,      0.9    ,0.00056205884557334    ,                     20 ,           512 ,small           ,           0.01  ,PRUNED
 68 ,    68 ,0.9404853000000001   ,2024-01-27 18:55:14.458023 ,2024-01-27 18:59:37.564634 ,0 days 00:04:23.106611 ,tanh                 ,              512 ,                 10 ,             0.8  ,      0.995  ,0.00043189685211797034 ,                     20 ,             8 ,medium          ,           0.1   ,PRUNED
 69 ,    69 ,2.4123672            ,2024-01-27 18:59:37.565660 ,2024-01-27 19:03:22.366578 ,0 days 00:03:44.800918 ,relu                 ,               32 ,                 30 ,             0.9  ,      0.98   ,5.256570143032689e-05  ,                     30 ,            16 ,small           ,           0.05  ,PRUNED
 70 ,    70 ,-2.2337985000000002  ,2024-01-27 19:03:22.367578 ,2024-01-27 19:06:56.089122 ,0 days 00:03:33.721544 ,tanh                 ,               16 ,                 10 ,             0.95 ,      0.9999 ,0.0002997979309932928  ,                     20 ,          1024 ,small           ,           0.03  ,PRUNED
 71 ,    71 ,3.8856791            ,2024-01-27 19:06:56.089122 ,2024-01-27 19:19:15.877476 ,0 days 00:12:19.788354 ,relu                 ,                8 ,                 30 ,             1.0  ,      0.9    ,0.005061508544285758   ,                     20 ,            32 ,medium          ,           0.005 ,COMPLETE
 72 ,    72 ,1.799248             ,2024-01-27 19:19:15.878478 ,2024-01-27 19:24:52.405782 ,0 days 00:05:36.527304 ,relu                 ,                8 ,                 30 ,             1.0  ,      0.9    ,0.0009602563135443749  ,                     20 ,            32 ,medium          ,           0.005 ,PRUNED
 73 ,    73 ,-3.6343921999999997  ,2024-01-27 19:24:52.406763 ,2024-01-27 19:30:38.939060 ,0 days 00:05:46.532297 ,relu                 ,                8 ,                 30 ,             1.0  ,      0.9    ,0.006797465624237412   ,                     20 ,            32 ,medium          ,           0.005 ,PRUNED
 74 ,    74 ,2.380009             ,2024-01-27 19:30:38.940060 ,2024-01-27 19:34:43.117522 ,0 days 00:04:04.177462 ,relu                 ,              256 ,                 30 ,             1.0  ,      0.9    ,0.009536411863876233   ,                      5 ,             8 ,medium          ,           0.005 ,PRUNED
 75 ,    75 ,4.598476499999999    ,2024-01-27 19:34:43.118504 ,2024-01-27 19:43:33.857722 ,0 days 00:08:50.739218 ,relu                 ,                8 ,                 20 ,             0.98 ,      0.999  ,1.3604210314182137e-05 ,                     20 ,            32 ,medium          ,           0.02  ,COMPLETE
 76 ,    76 ,-1.9610093000000002  ,2024-01-27 19:43:33.858703 ,2024-01-27 19:47:19.830991 ,0 days 00:03:45.972288 ,relu                 ,               64 ,                 20 ,             0.98 ,      0.999  ,1.0088190693883299e-05 ,                     20 ,            32 ,medium          ,           0.02  ,PRUNED
 77 ,    77 ,3.4249376999999996   ,2024-01-27 19:47:19.830991 ,2024-01-27 19:50:55.412890 ,0 days 00:03:35.581899 ,relu                 ,                8 ,                 10 ,             0.98 ,      0.999  ,1.4483945281088199e-05 ,                     10 ,            16 ,small           ,           0.02  ,PRUNED
 78 ,    78 ,-2.419068            ,2024-01-27 19:50:55.413872 ,2024-01-27 19:54:47.547674 ,0 days 00:03:52.133802 ,relu                 ,               32 ,                 20 ,             0.98 ,      0.999  ,1.979213249175634e-05  ,                     30 ,           256 ,medium          ,           0.02  ,PRUNED
 79 ,    79 ,2.3656505            ,2024-01-27 19:54:47.548618 ,2024-01-27 19:58:08.073844 ,0 days 00:03:20.525226 ,tanh                 ,              256 ,                 20 ,             0.98 ,      0.999  ,3.0268542003610076e-05 ,                     20 ,           128 ,small           ,           0.02  ,PRUNED
 80 ,    80 ,2.4259994            ,2024-01-27 19:58:08.074828 ,2024-01-27 20:03:06.859192 ,0 days 00:04:58.784364 ,relu                 ,              128 ,                 20 ,             0.9  ,      0.995  ,1.288648958562377e-05  ,                     25 ,             8 ,medium          ,           0.01  ,PRUNED
 81 ,    81 ,4.271854099999999    ,2024-01-27 20:03:06.860174 ,2024-01-27 20:14:56.361606 ,0 days 00:11:49.501432 ,relu                 ,                8 ,                  5 ,             0.92 ,      0.9    ,0.0006822787991946903  ,                     20 ,            32 ,medium          ,           0.1   ,COMPLETE
 82 ,    82 ,2.4226083999999997   ,2024-01-27 20:14:56.361606 ,2024-01-27 20:20:27.011826 ,0 days 00:05:30.650220 ,relu                 ,                8 ,                  5 ,             0.92 ,      0.9    ,0.0007250201729373754  ,                     20 ,            32 ,medium          ,           0.1   ,PRUNED
 83 ,    83 ,3.2153985            ,2024-01-27 20:20:27.012812 ,2024-01-27 20:25:49.902068 ,0 days 00:05:22.889256 ,relu                 ,                8 ,                  5 ,             0.92 ,      0.98   ,0.000493158837651817   ,                     20 ,            32 ,medium          ,           0.1   ,PRUNED
 84 ,    84 ,4.4562661            ,2024-01-27 20:25:49.903097 ,2024-01-27 20:36:46.424049 ,0 days 00:10:56.520952 ,relu                 ,                8 ,                  5 ,             0.92 ,      0.9999 ,0.00035904309247632925 ,                     20 ,            32 ,medium          ,           0.1   ,COMPLETE
 85 ,    85 ,0.2313892999999993   ,2024-01-27 20:36:46.425002 ,2024-01-27 20:42:02.051324 ,0 days 00:05:15.626322 ,relu                 ,                8 ,                  5 ,             0.92 ,      0.9999 ,0.00037148290138248587 ,                     20 ,            32 ,medium          ,           0.1   ,PRUNED
 86 ,    86 ,1.7806967999999999   ,2024-01-27 20:42:02.052325 ,2024-01-27 20:48:16.275435 ,0 days 00:06:14.223110 ,relu                 ,                8 ,                  5 ,             0.92 ,      0.9999 ,0.00020876804680276085 ,                     30 ,            32 ,medium          ,           0.03  ,PRUNED
 87 ,    87 ,0.9402128000000001   ,2024-01-27 20:48:16.276434 ,2024-01-27 20:53:43.359269 ,0 days 00:05:27.082835 ,relu                 ,                8 ,                  5 ,             0.92 ,      0.9999 ,0.0008718391171831254  ,                     20 ,            32 ,medium          ,           0.001 ,PRUNED
 88 ,    88 ,3.3181120999999996   ,2024-01-27 20:53:43.360245 ,2024-01-27 21:00:26.815312 ,0 days 00:06:43.455067 ,relu                 ,                8 ,                  5 ,             0.92 ,      0.9999 ,0.0006133348428366151  ,                     30 ,            64 ,medium          ,           0.1   ,PRUNED
 89 ,    89 ,-2.0766423           ,2024-01-27 21:00:26.816342 ,2024-01-27 21:04:11.624124 ,0 days 00:03:44.807782 ,relu                 ,               64 ,                  5 ,             0.8  ,      0.99   ,0.00028602030089689914 ,                     20 ,            32 ,medium          ,           0.1   ,PRUNED
 90 ,    90 ,-10.5441891          ,2024-01-27 21:04:11.625011 ,2024-01-27 21:07:48.541492 ,0 days 00:03:36.916481 ,relu                 ,               16 ,                 25 ,             0.92 ,      0.95   ,0.0014499541482159023  ,                      5 ,          2048 ,medium          ,           0.01  ,PRUNED
 91 ,    91 ,4.6186053000000005   ,2024-01-27 21:07:48.541492 ,2024-01-27 21:15:10.238103 ,0 days 00:07:21.696611 ,tanh                 ,               64 ,                 10 ,             0.99 ,      0.9    ,2.7124571806800236e-05 ,                     20 ,            16 ,medium          ,           0.1   ,COMPLETE
 92 ,    92 ,2.3832478999999998   ,2024-01-27 21:15:10.238103 ,2024-01-27 21:19:41.459249 ,0 days 00:04:31.221146 ,relu                 ,               64 ,                  5 ,             0.95 ,      0.9    ,0.0023977342279626317  ,                     20 ,            16 ,medium          ,           0.1   ,PRUNED
 93 ,    93 ,4.4165320999999995   ,2024-01-27 21:19:41.460145 ,2024-01-27 21:27:02.339960 ,0 days 00:07:20.879815 ,tanh                 ,               64 ,                 10 ,             0.98 ,      0.9    ,0.00046819872274153515 ,                     20 ,            16 ,medium          ,           0.1   ,COMPLETE
 94 ,    94 ,0.26239630000000014  ,2024-01-27 21:27:02.341942 ,2024-01-27 21:30:53.784779 ,0 days 00:03:51.442837 ,tanh                 ,               64 ,                 10 ,             0.98 ,      0.9    ,2.675622980520015e-05  ,                     20 ,            16 ,medium          ,           0.1   ,PRUNED
 95 ,    95 ,4.472778             ,2024-01-27 21:30:53.784779 ,2024-01-27 21:38:14.330466 ,0 days 00:07:20.545687 ,tanh                 ,               64 ,                 10 ,             0.98 ,      0.9    ,0.0004686596569628296  ,                     20 ,            16 ,medium          ,           0.05  ,COMPLETE
 96 ,    96 ,-1.9716832000000004  ,2024-01-27 21:38:14.331445 ,2024-01-27 21:42:19.762743 ,0 days 00:04:05.431298 ,tanh                 ,               64 ,                 10 ,             0.98 ,      0.995  ,0.00039248019053621236 ,                     30 ,            16 ,medium          ,           0.05  ,PRUNED
 97 ,    97 ,3.3257305            ,2024-01-27 21:42:19.763718 ,2024-01-27 21:45:57.525764 ,0 days 00:03:37.762046 ,tanh                 ,               64 ,                 10 ,             0.99 ,      0.9    ,0.00033336627489312517 ,                     10 ,            16 ,medium          ,           0.05  ,PRUNED
 98 ,    98 ,0.04236269999999944  ,2024-01-27 21:45:57.526747 ,2024-01-27 21:49:49.978522 ,0 days 00:03:52.451775 ,tanh                 ,               64 ,                 10 ,             0.98 ,      0.98   ,1.9604246863865e-05    ,                     20 ,            16 ,medium          ,           0.05  ,PRUNED
 99 ,    99 ,4.611999199999999    ,2024-01-27 21:49:49.979501 ,2024-01-27 21:59:02.952521 ,0 days 00:09:12.973020 ,tanh                 ,               64 ,                 20 ,             0.8  ,      0.9999 ,4.6580790838678924e-05 ,                     30 ,             8 ,medium          ,           0.05  ,COMPLETE
100 ,   100 ,2.4612434999999997   ,2024-01-27 21:59:02.953502 ,2024-01-27 22:03:53.189677 ,0 days 00:04:50.236175 ,tanh                 ,               64 ,                 20 ,             0.8  ,      0.9    ,1.695529178208554e-05  ,                     30 ,             8 ,medium          ,           0.05  ,PRUNED
101 ,   101 ,-1.9696725000000008  ,2024-01-27 22:03:53.190678 ,2024-01-27 22:08:41.650891 ,0 days 00:04:48.460213 ,tanh                 ,               64 ,                 20 ,             0.8  ,      0.9999 ,4.308236136068658e-05  ,                     30 ,             8 ,medium          ,           0.05  ,PRUNED
102 ,   102 ,2.4185548999999997   ,2024-01-27 22:08:41.651870 ,2024-01-27 22:13:32.160442 ,0 days 00:04:50.508572 ,tanh                 ,               64 ,                 20 ,             0.8  ,      0.9999 ,2.4420093051252305e-05 ,                     30 ,             8 ,medium          ,           0.05  ,PRUNED
103 ,   103 ,0.2651294999999999   ,2024-01-27 22:13:32.161467 ,2024-01-27 22:18:21.424252 ,0 days 00:04:49.262785 ,tanh                 ,               64 ,                 20 ,             0.9  ,      0.9999 ,3.0861651947209605e-05 ,                     30 ,             8 ,medium          ,           0.05  ,PRUNED
104 ,   104 ,4.327102999999999    ,2024-01-27 22:18:21.425227 ,2024-01-27 22:25:42.155734 ,0 days 00:07:20.730507 ,tanh                 ,              512 ,                 10 ,             0.99 ,      0.9999 ,1.2651923800311157e-05 ,                     20 ,            16 ,medium          ,           0.03  ,COMPLETE
105 ,   105 ,3.8600058999999995   ,2024-01-27 22:25:42.156740 ,2024-01-27 22:30:27.552940 ,0 days 00:04:45.396200 ,tanh                 ,               64 ,                 10 ,             0.8  ,      0.9999 ,0.00023941299330056774 ,                     30 ,             8 ,medium          ,           0.02  ,PRUNED
106 ,   106 ,2.1121013            ,2024-01-27 22:30:27.552940 ,2024-01-27 22:34:26.036248 ,0 days 00:03:58.483308 ,tanh                 ,              256 ,                 10 ,             0.95 ,      0.9    ,4.6424940522984216e-05 ,                     25 ,            16 ,medium          ,           0.01  ,PRUNED
107 ,   107 ,0.2655636999999998   ,2024-01-27 22:34:26.037249 ,2024-01-27 22:38:47.188092 ,0 days 00:04:21.150843 ,tanh                 ,               16 ,                 20 ,             0.98 ,      0.995  ,0.0005883969925832744  ,                     20 ,             8 ,medium          ,           0.05  ,PRUNED
108 ,   108 ,-8.3081893           ,2024-01-27 22:38:47.188984 ,2024-01-27 22:42:11.132976 ,0 days 00:03:23.943992 ,tanh                 ,               64 ,                 10 ,             0.99 ,      0.98   ,2.2018607274735935e-05 ,                     30 ,          1024 ,small           ,           0.001 ,PRUNED
109 ,   109 ,2.4224947999999995   ,2024-01-27 22:42:11.134004 ,2024-01-27 22:46:06.469420 ,0 days 00:03:55.335416 ,tanh                 ,               64 ,                 25 ,             0.8  ,      0.9    ,0.00012555369430069228 ,                     20 ,            16 ,medium          ,           0.03  ,PRUNED
110 ,   110 ,-0.26944510000000027 ,2024-01-27 22:46:06.470423 ,2024-01-27 22:49:29.303449 ,0 days 00:03:22.833026 ,tanh                 ,               64 ,                 10 ,             0.99 ,      0.99   ,0.0008005076440211931  ,                     20 ,           256 ,small           ,           0.02  ,PRUNED
111 ,   111 ,2.3884391            ,2024-01-27 22:49:29.305450 ,2024-01-27 22:53:20.689569 ,0 days 00:03:51.384119 ,tanh                 ,               64 ,                 10 ,             0.98 ,      0.9    ,0.0004978876539691451  ,                     20 ,            16 ,medium          ,           0.1   ,PRUNED
112 ,   112 ,1.8594044999999997   ,2024-01-27 22:53:20.689569 ,2024-01-27 22:57:12.791672 ,0 days 00:03:52.102103 ,tanh                 ,               64 ,                 10 ,             0.98 ,      0.9    ,0.0004936095865884301  ,                     20 ,            16 ,medium          ,           0.1   ,PRUNED
113 ,   113 ,2.2838073000000003   ,2024-01-27 22:57:12.792654 ,2024-01-27 23:01:04.072242 ,0 days 00:03:51.279588 ,tanh                 ,              128 ,                 10 ,             0.98 ,      0.9    ,0.0003602278235353577  ,                     20 ,            16 ,medium          ,           0.1   ,PRUNED
114 ,   114 ,0.2340043999999996   ,2024-01-27 23:01:04.072242 ,2024-01-27 23:04:55.936482 ,0 days 00:03:51.864240 ,tanh                 ,               64 ,                 10 ,             0.98 ,      0.9    ,0.0010249892517926104  ,                     20 ,            16 ,medium          ,           0.1   ,PRUNED
115 ,   115 ,4.292276599999999    ,2024-01-27 23:04:55.937507 ,2024-01-27 23:11:30.311010 ,0 days 00:06:34.373503 ,tanh                 ,              256 ,                 10 ,             0.9  ,      0.95   ,0.0004265031378530093  ,                     20 ,           128 ,medium          ,           0.1   ,COMPLETE
116 ,   116 ,2.180706             ,2024-01-27 23:11:30.312042 ,2024-01-27 23:15:54.795440 ,0 days 00:04:24.483398 ,relu                 ,               16 ,                 10 ,             0.98 ,      0.9    ,0.00018783336093767988 ,                     30 ,            64 ,medium          ,           0.1   ,PRUNED
117 ,   117 ,4.6136444            ,2024-01-27 23:15:54.795440 ,2024-01-27 23:23:17.807238 ,0 days 00:07:23.011798 ,tanh                 ,               64 ,                 20 ,             0.95 ,      0.9999 ,0.000258118277092949   ,                     20 ,             8 ,small           ,           0.01  ,COMPLETE
118 ,   118 ,0.18951119999999974  ,2024-01-27 23:23:17.807238 ,2024-01-27 23:27:11.926092 ,0 days 00:03:54.118854 ,relu                 ,               64 ,                 20 ,             0.95 ,      0.9999 ,6.468364582515119e-05  ,                     20 ,             8 ,small           ,           0.01  ,PRUNED
119 ,   119 ,0.26505820000000097  ,2024-01-27 23:27:11.926092 ,2024-01-27 23:30:41.784233 ,0 days 00:03:29.858141 ,tanh                 ,              512 ,                 20 ,             0.95 ,      0.9999 ,0.0002568624488386663  ,                      5 ,             8 ,small           ,           0.01  ,PRUNED
120 ,   120 ,-2.0020313           ,2024-01-27 23:30:41.784233 ,2024-01-27 23:34:51.083539 ,0 days 00:04:09.299306 ,relu                 ,               64 ,                 20 ,             0.95 ,      0.9999 ,3.1517022128125744e-05 ,                     30 ,             8 ,small           ,           0.01  ,PRUNED
121 ,   121 ,4.612981899999999    ,2024-01-27 23:34:51.084537 ,2024-01-27 23:42:13.002511 ,0 days 00:07:21.917974 ,tanh                 ,               64 ,                 20 ,             0.95 ,      0.9999 ,0.00030864214564086507 ,                     20 ,             8 ,small           ,           0.01  ,COMPLETE
122 ,   122 ,0.18535689999999957  ,2024-01-27 23:42:13.003492 ,2024-01-27 23:46:05.943172 ,0 days 00:03:52.939680 ,tanh                 ,               64 ,                 20 ,             0.95 ,      0.9999 ,0.0002974234534057968  ,                     20 ,             8 ,small           ,           0.01  ,PRUNED
123 ,   123 ,0.3548656000000002   ,2024-01-27 23:46:05.943172 ,2024-01-27 23:49:59.881838 ,0 days 00:03:53.938666 ,tanh                 ,               64 ,                 20 ,             0.95 ,      0.9999 ,0.00023597876767957667 ,                     20 ,             8 ,small           ,           0.01  ,PRUNED
124 ,   124 ,2.3770801999999995   ,2024-01-27 23:49:59.882816 ,2024-01-27 23:53:51.823355 ,0 days 00:03:51.940539 ,tanh                 ,               64 ,                 20 ,             0.95 ,      0.9999 ,0.0006249343343621709  ,                     20 ,             8 ,small           ,           0.01  ,PRUNED
125 ,   125 ,-2.008133300000001   ,2024-01-27 23:53:51.824383 ,2024-01-27 23:57:44.527231 ,0 days 00:03:52.702848 ,tanh                 ,              256 ,                 20 ,             0.95 ,      0.9999 ,0.0003216672494593635  ,                     20 ,             8 ,small           ,           0.01  ,PRUNED
126 ,   126 ,-10.6202546          ,2024-01-27 23:57:44.528214 ,2024-01-28 00:01:05.158052 ,0 days 00:03:20.629838 ,tanh                 ,               64 ,                 20 ,             0.99 ,      0.995  ,0.00039059165059318276 ,                     10 ,          2048 ,small           ,           0.005 ,PRUNED
127 ,   127 ,0.22294919999999915  ,2024-01-28 00:01:05.160072 ,2024-01-28 00:05:04.882922 ,0 days 00:03:59.722850 ,relu                 ,               16 ,                 20 ,             0.8  ,      0.9999 ,0.0036480423976391666  ,                     20 ,             8 ,small           ,           0.03  ,PRUNED
128 ,   128 ,2.0045827999999997   ,2024-01-28 00:05:04.883951 ,2024-01-28 00:08:33.946351 ,0 days 00:03:29.062400 ,tanh                 ,               64 ,                 30 ,             0.95 ,      0.98   ,1.4938152077221884e-05 ,                     25 ,            32 ,small           ,           0.01  ,PRUNED
129 ,   129 ,0.9392658            ,2024-01-28 00:08:33.947457 ,2024-01-28 00:12:26.725392 ,0 days 00:03:52.777935 ,relu                 ,               32 ,                 20 ,             0.9  ,      0.9999 ,0.00015425297542384604 ,                     20 ,             8 ,small           ,           0.05  ,PRUNED
130 ,   130 ,-6.450218800000002   ,2024-01-28 00:12:26.726393 ,2024-01-28 00:16:30.496319 ,0 days 00:04:03.769926 ,tanh                 ,                8 ,                 25 ,             0.99 ,      0.9999 ,9.472172268231135e-05  ,                     30 ,          1024 ,small           ,           0.02  ,PRUNED
131 ,   131 ,2.4223168999999998   ,2024-01-28 00:16:30.496319 ,2024-01-28 00:20:22.729474 ,0 days 00:03:52.233155 ,tanh                 ,               64 ,                 10 ,             0.98 ,      0.9    ,0.0005290551216140746  ,                     20 ,            16 ,medium          ,           0.1   ,PRUNED
132 ,   132 ,-4.162769500000001   ,2024-01-28 00:20:22.730385 ,2024-01-28 00:24:14.462181 ,0 days 00:03:51.731796 ,tanh                 ,               64 ,                 10 ,             0.98 ,      0.9    ,0.00043485684669763297 ,                     20 ,            16 ,medium          ,           0.1   ,PRUNED
133 ,   133 ,4.613762599999999    ,2024-01-28 00:24:14.463179 ,2024-01-28 00:31:08.307723 ,0 days 00:06:53.844544 ,tanh                 ,               64 ,                 10 ,             0.98 ,      0.9    ,0.00018346577213304428 ,                     20 ,            32 ,medium          ,           0.1   ,COMPLETE
134 ,   134 ,4.4899959            ,2024-01-28 00:31:08.308725 ,2024-01-28 00:38:02.225573 ,0 days 00:06:53.916848 ,tanh                 ,               64 ,                 10 ,             0.99 ,      0.9    ,0.0001890548559183963  ,                     20 ,            32 ,medium          ,           0.005 ,COMPLETE
135 ,   135 ,2.1003597999999997   ,2024-01-28 00:38:02.226464 ,2024-01-28 00:41:39.632603 ,0 days 00:03:37.406139 ,tanh                 ,               64 ,                 10 ,             0.99 ,      0.9    ,0.00017702903683274374 ,                     20 ,            32 ,medium          ,           0.005 ,PRUNED
136 ,   136 ,-2.0369380000000006  ,2024-01-28 00:41:39.633602 ,2024-01-28 00:45:17.573860 ,0 days 00:03:37.940258 ,tanh                 ,               64 ,                 10 ,             0.99 ,      0.9    ,0.00020636684539890386 ,                     20 ,            32 ,medium          ,           0.005 ,PRUNED
137 ,   137 ,4.412522             ,2024-01-28 00:45:17.574836 ,2024-01-28 00:51:57.517975 ,0 days 00:06:39.943139 ,tanh                 ,               64 ,                 10 ,             0.99 ,      0.9    ,0.00026920437491251053 ,                     30 ,            32 ,small           ,           0.005 ,COMPLETE
138 ,   138 ,4.6151151            ,2024-01-28 00:51:57.518953 ,2024-01-28 01:00:14.375365 ,0 days 00:08:16.856412 ,tanh                 ,               64 ,                 10 ,             0.99 ,      0.9    ,0.0001501258479935732  ,                     20 ,             8 ,medium          ,           0.005 ,COMPLETE
139 ,   139 ,2.4673243            ,2024-01-28 01:00:14.376342 ,2024-01-28 01:04:35.596167 ,0 days 00:04:21.219825 ,tanh                 ,               64 ,                 10 ,             0.99 ,      0.9    ,0.00017711928176268477 ,                     20 ,             8 ,medium          ,           0.005 ,PRUNED
140 ,   140 ,4.619965399999999    ,2024-01-28 01:04:35.597167 ,2024-01-28 01:12:30.228315 ,0 days 00:07:54.631148 ,tanh                 ,              128 ,                 10 ,             0.99 ,      0.999  ,0.00011935706270778307 ,                     30 ,             8 ,small           ,           0.005 ,COMPLETE
141 ,   141 ,0.1726115999999994   ,2024-01-28 01:12:30.229315 ,2024-01-28 01:16:36.421940 ,0 days 00:04:06.192625 ,tanh                 ,              128 ,                 10 ,             0.99 ,      0.999  ,0.00014090022649310282 ,                     30 ,             8 ,small           ,           0.005 ,PRUNED
142 ,   142 ,-1.7646691999999995  ,2024-01-28 01:16:36.422913 ,2024-01-28 01:20:42.856118 ,0 days 00:04:06.433205 ,tanh                 ,              128 ,                 10 ,             0.99 ,      0.999  ,0.000106597990136936   ,                     30 ,             8 ,small           ,           0.005 ,PRUNED
143 ,   143 ,-1.9641444           ,2024-01-28 01:20:42.857095 ,2024-01-28 01:24:49.166673 ,0 days 00:04:06.309578 ,tanh                 ,              128 ,                 10 ,             0.99 ,      0.999  ,0.0001263422629589332  ,                     30 ,             8 ,small           ,           0.005 ,PRUNED
144 ,   144 ,-2.1799907000000003  ,2024-01-28 01:24:49.167676 ,2024-01-28 01:28:55.683402 ,0 days 00:04:06.515726 ,tanh                 ,              128 ,                 10 ,             0.99 ,      0.999  ,0.00020106090006946287 ,                     30 ,             8 ,small           ,           0.005 ,PRUNED
145 ,   145 ,4.6150816            ,2024-01-28 01:28:55.683402 ,2024-01-28 01:36:44.652059 ,0 days 00:07:48.968657 ,tanh                 ,               64 ,                 10 ,             0.99 ,      0.995  ,0.00015233969449630043 ,                     30 ,             8 ,small           ,           0.005 ,COMPLETE
146 ,   146 ,2.4645373            ,2024-01-28 01:36:44.652059 ,2024-01-28 01:40:52.047637 ,0 days 00:04:07.395578 ,tanh                 ,               64 ,                 30 ,             0.99 ,      0.995  ,0.00015111840660512446 ,                     30 ,             8 ,small           ,           0.005 ,PRUNED
147 ,   147 ,-4.1670876           ,2024-01-28 01:40:52.048532 ,2024-01-28 01:44:57.890987 ,0 days 00:04:05.842455 ,tanh                 ,              256 ,                 10 ,             0.8  ,      0.995  ,0.00022235614478619114 ,                     30 ,             8 ,small           ,           0.005 ,PRUNED
148 ,   148 ,-4.2700506           ,2024-01-28 01:44:57.891959 ,2024-01-28 01:49:03.206235 ,0 days 00:04:05.314276 ,tanh                 ,               32 ,                 10 ,             0.99 ,      0.995  ,3.827719227123369e-05  ,                     30 ,             8 ,small           ,           0.001 ,PRUNED
149 ,   149 ,0.22531779999999965  ,2024-01-28 01:49:03.207261 ,2024-01-28 01:53:11.482439 ,0 days 00:04:08.275178 ,tanh                 ,               64 ,                 20 ,             0.95 ,      0.995  ,0.00011790898881915394 ,                     30 ,             8 ,small           ,           0.03  ,PRUNED
150 ,   150 ,0.18422059999999973  ,2024-01-28 01:53:11.483439 ,2024-01-28 01:56:52.015842 ,0 days 00:03:40.532403 ,tanh                 ,               16 ,                 10 ,             0.9  ,      0.98   ,8.674692497134119e-05  ,                     30 ,           256 ,small           ,           0.01  ,PRUNED
151 ,   151 ,3.3560834            ,2024-01-28 01:56:52.016841 ,2024-01-28 02:00:29.826916 ,0 days 00:03:37.810075 ,tanh                 ,               64 ,                 10 ,             0.99 ,      0.99   ,0.00017455451285895864 ,                     20 ,            32 ,medium          ,           0.005 ,PRUNED
152 ,   152 ,-2.2463212           ,2024-01-28 02:00:29.826916 ,2024-01-28 02:04:50.121569 ,0 days 00:04:20.294653 ,tanh                 ,               64 ,                 10 ,             0.99 ,      0.9    ,0.00027922900057149487 ,                     20 ,             8 ,medium          ,           0.005 ,PRUNED
153 ,   153 ,0.004171999999999754 ,2024-01-28 02:04:50.123619 ,2024-01-28 02:08:41.728098 ,0 days 00:03:51.604479 ,tanh                 ,               64 ,                 10 ,             0.99 ,      0.95   ,0.00013260007429857147 ,                     20 ,             8 ,small           ,           0.005 ,PRUNED
154 ,   154 ,0.02790699999999955  ,2024-01-28 02:08:41.729102 ,2024-01-28 02:12:07.890900 ,0 days 00:03:26.161798 ,tanh                 ,               64 ,                 10 ,             0.99 ,      0.999  ,0.00021056284973455919 ,                      5 ,            32 ,medium          ,           0.005 ,PRUNED
155 ,   155 ,3.8395604            ,2024-01-28 02:12:07.890900 ,2024-01-28 02:15:28.352177 ,0 days 00:03:20.461277 ,tanh                 ,               64 ,                 10 ,             0.99 ,      0.9    ,2.6982922136571885e-05 ,                     10 ,           128 ,small           ,           0.02  ,PRUNED
156 ,   156 ,1.627235             ,2024-01-28 02:15:28.353158 ,2024-01-28 02:19:03.735720 ,0 days 00:03:35.382562 ,tanh                 ,               64 ,                 10 ,             0.8  ,      0.995  ,5.2141157745992885e-05 ,                     30 ,            64 ,medium          ,           0.005 ,PRUNED
157 ,   157 ,4.6188868            ,2024-01-28 02:19:03.736722 ,2024-01-28 02:27:31.009975 ,0 days 00:08:27.273253 ,tanh                 ,              512 ,                 30 ,             0.99 ,      0.9    ,0.0002465652394155017  ,                     20 ,             8 ,medium          ,           0.01  ,COMPLETE
158 ,   158 ,-2.0031592000000003  ,2024-01-28 02:27:31.010982 ,2024-01-28 02:31:39.297697 ,0 days 00:04:08.286715 ,tanh                 ,              512 ,                 30 ,             0.95 ,      0.9    ,0.0002552205644516534  ,                     30 ,             8 ,small           ,           0.01  ,PRUNED
159 ,   159 ,4.6164089            ,2024-01-28 02:31:39.297697 ,2024-01-28 02:40:09.686002 ,0 days 00:08:30.388305 ,tanh                 ,              512 ,                 30 ,             0.99 ,      0.98   ,0.000342300259803262   ,                     20 ,             8 ,medium          ,           0.01  ,COMPLETE
160 ,   160 ,4.6170313            ,2024-01-28 02:40:09.687027 ,2024-01-28 02:49:05.259798 ,0 days 00:08:55.572771 ,tanh                 ,              512 ,                 30 ,             0.99 ,      0.98   ,0.00032799229345807716 ,                     25 ,             8 ,medium          ,           0.01  ,COMPLETE
161 ,   161 ,4.298852699999999    ,2024-01-28 02:49:05.259798 ,2024-01-28 02:53:45.573020 ,0 days 00:04:40.313222 ,tanh                 ,              512 ,                 30 ,             0.99 ,      0.98   ,0.0003433225865509608  ,                     25 ,             8 ,medium          ,           0.01  ,PRUNED
162 ,   162 ,0.22415429999999956  ,2024-01-28 02:53:45.573020 ,2024-01-28 02:58:24.780849 ,0 days 00:04:39.207829 ,tanh                 ,              512 ,                 30 ,             0.99 ,      0.98   ,0.00030494302894395917 ,                     25 ,             8 ,medium          ,           0.01  ,PRUNED
163 ,   163 ,0.06825799999999971  ,2024-01-28 02:58:24.781878 ,2024-01-28 03:03:03.950449 ,0 days 00:04:39.168571 ,tanh                 ,              512 ,                 30 ,             0.99 ,      0.98   ,0.00022653716570793567 ,                     25 ,             8 ,medium          ,           0.01  ,PRUNED
164 ,   164 ,4.4623227            ,2024-01-28 03:03:03.951460 ,2024-01-28 03:12:00.684192 ,0 days 00:08:56.732732 ,tanh                 ,              512 ,                 30 ,             0.99 ,      0.98   ,0.0003202315438376361  ,                     25 ,             8 ,medium          ,           0.01  ,COMPLETE
165 ,   165 ,4.605836299999999    ,2024-01-28 03:12:00.686348 ,2024-01-28 03:20:31.747910 ,0 days 00:08:31.061562 ,tanh                 ,              512 ,                 30 ,             0.99 ,      0.98   ,0.0002440489899519626  ,                     20 ,             8 ,medium          ,           0.01  ,COMPLETE
166 ,   166 ,-0.2590148999999998  ,2024-01-28 03:20:31.748893 ,2024-01-28 03:24:57.368296 ,0 days 00:04:25.619403 ,tanh                 ,              512 ,                 30 ,             0.99 ,      0.98   ,0.0002444373766545052  ,                     20 ,             8 ,medium          ,           0.01  ,PRUNED
167 ,   167 ,2.4184189            ,2024-01-28 03:24:57.368296 ,2024-01-28 03:28:49.943949 ,0 days 00:03:52.575653 ,tanh                 ,              512 ,                 30 ,             0.99 ,      0.98   ,0.00014943047213058618 ,                     20 ,             8 ,small           ,           0.01  ,PRUNED
168 ,   168 ,2.4157401            ,2024-01-28 03:28:49.943949 ,2024-01-28 03:33:17.085576 ,0 days 00:04:27.141627 ,tanh                 ,              512 ,                 30 ,             0.99 ,      0.98   ,0.0002791597653089696  ,                     20 ,             8 ,medium          ,           0.01  ,PRUNED
169 ,   169 ,0.1740966999999996   ,2024-01-28 03:33:17.086551 ,2024-01-28 03:38:01.927230 ,0 days 00:04:44.840679 ,tanh                 ,              512 ,                 30 ,             1.0  ,      0.98   ,0.002162716273944097   ,                     20 ,             8 ,medium          ,           0.01  ,PRUNED
170 ,   170 ,4.612561200000001    ,2024-01-28 03:38:01.928231 ,2024-01-28 03:45:25.524464 ,0 days 00:07:23.596233 ,tanh                 ,              512 ,                 30 ,             0.8  ,      0.98   ,0.000167089726385702   ,                     20 ,             8 ,small           ,           0.01  ,COMPLETE
171 ,   171 ,-1.8568198000000007  ,2024-01-28 03:45:25.526483 ,2024-01-28 03:49:19.129826 ,0 days 00:03:53.603343 ,tanh                 ,              512 ,                 30 ,             0.8  ,      0.98   ,0.00015862969266964826 ,                     20 ,             8 ,small           ,           0.01  ,PRUNED
172 ,   172 ,2.4664103            ,2024-01-28 03:49:19.130800 ,2024-01-28 03:53:12.494282 ,0 days 00:03:53.363482 ,tanh                 ,              512 ,                 30 ,             0.8  ,      0.98   ,0.00018771289265201454 ,                     20 ,             8 ,small           ,           0.01  ,PRUNED
173 ,   173 ,-2.108696            ,2024-01-28 03:53:12.495309 ,2024-01-28 03:57:06.543010 ,0 days 00:03:54.047701 ,tanh                 ,              512 ,                 30 ,             0.8  ,      0.98   ,0.00023546932346314028 ,                     20 ,             8 ,small           ,           0.01  ,PRUNED
174 ,   174 ,-6.388377200000002   ,2024-01-28 03:57:06.544014 ,2024-01-28 04:00:26.374019 ,0 days 00:03:19.830005 ,tanh                 ,              512 ,                 30 ,             0.8  ,      0.98   ,0.00027273170773919897 ,                     20 ,          2048 ,small           ,           0.01  ,PRUNED
175 ,   175 ,-2.0056339000000007  ,2024-01-28 04:00:26.375002 ,2024-01-28 04:04:19.593394 ,0 days 00:03:53.218392 ,tanh                 ,              512 ,                 30 ,             0.95 ,      0.98   ,0.00010442762807438743 ,                     20 ,             8 ,small           ,           0.01  ,PRUNED
176 ,   176 ,-1.9616161000000005  ,2024-01-28 04:04:19.594426 ,2024-01-28 04:08:45.253183 ,0 days 00:04:25.658757 ,tanh                 ,              512 ,                 30 ,             0.9  ,      0.98   ,0.000379439783526201   ,                     20 ,             8 ,medium          ,           0.01  ,PRUNED
177 ,   177 ,0.2038173999999997   ,2024-01-28 04:08:45.254183 ,2024-01-28 04:12:47.189312 ,0 days 00:04:01.935129 ,tanh                 ,              512 ,                 30 ,             0.99 ,      0.98   ,0.00017496186239293688 ,                     25 ,             8 ,small           ,           0.01  ,PRUNED
178 ,   178 ,-6.2386962           ,2024-01-28 04:12:47.190209 ,2024-01-28 04:16:14.023027 ,0 days 00:03:26.832818 ,tanh                 ,              512 ,                 30 ,             0.99 ,      0.995  ,0.00021330594838081993 ,                     20 ,           512 ,medium          ,           0.01  ,PRUNED
179 ,   179 ,0.22721329999999967  ,2024-01-28 04:16:14.023998 ,2024-01-28 04:20:07.736776 ,0 days 00:03:53.712778 ,tanh                 ,              128 ,                 30 ,             0.95 ,      0.9999 ,0.00013889603280055115 ,                     20 ,             8 ,small           ,           0.01  ,PRUNED
180 ,   180 ,4.6225504            ,2024-01-28 04:20:07.737758 ,2024-01-28 04:28:36.826619 ,0 days 00:08:29.088861 ,tanh                 ,              256 ,                 30 ,             0.8  ,      0.98   ,0.0002541418949919178  ,                     20 ,             8 ,medium          ,           0.03  ,COMPLETE
181 ,   181 ,1.9500484999999999   ,2024-01-28 04:28:36.827617 ,2024-01-28 04:33:18.325426 ,0 days 00:04:41.497809 ,tanh                 ,              256 ,                 30 ,             0.8  ,      0.98   ,0.0003260554769214427  ,                     20 ,             8 ,medium          ,           0.03  ,PRUNED
182 ,   182 ,2.4254878            ,2024-01-28 04:33:18.326436 ,2024-01-28 04:37:46.166069 ,0 days 00:04:27.839633 ,tanh                 ,              256 ,                 30 ,             0.8  ,      0.98   ,0.00023387898121108553 ,                     20 ,             8 ,medium          ,           0.03  ,PRUNED
183 ,   183 ,2.4167987999999996   ,2024-01-28 04:37:46.167070 ,2024-01-28 04:42:09.729025 ,0 days 00:04:23.561955 ,tanh                 ,              256 ,                 30 ,             0.8  ,      0.98   ,0.00019860725019697949 ,                     20 ,             8 ,medium          ,           0.03  ,PRUNED
184 ,   184 ,-4.126196599999999   ,2024-01-28 04:42:09.730005 ,2024-01-28 04:46:34.152735 ,0 days 00:04:24.422730 ,tanh                 ,              256 ,                 30 ,             0.8  ,      0.98   ,0.00027392088185180564 ,                     20 ,             8 ,medium          ,           0.03  ,PRUNED
185 ,   185 ,2.421418100000001    ,2024-01-28 04:46:34.153812 ,2024-01-28 04:51:02.781147 ,0 days 00:04:28.627335 ,tanh                 ,              512 ,                 30 ,             0.99 ,      0.98   ,0.0012207307165357445  ,                     20 ,             8 ,medium          ,           0.01  ,PRUNED
186 ,   186 ,2.4250977            ,2024-01-28 04:51:02.782128 ,2024-01-28 04:55:27.505496 ,0 days 00:04:24.723368 ,tanh                 ,               32 ,                 30 ,             0.8  ,      0.9999 ,0.0003975051894438931  ,                     20 ,             8 ,medium          ,           0.01  ,PRUNED
187 ,   187 ,-2.2300234000000008  ,2024-01-28 04:55:27.506473 ,2024-01-28 04:59:19.437425 ,0 days 00:03:51.930952 ,tanh                 ,               16 ,                 25 ,             0.99 ,      0.99   ,0.00011553810516395799 ,                     20 ,             8 ,small           ,           0.001 ,PRUNED
188 ,   188 ,-0.27909879999999976 ,2024-01-28 04:59:19.438426 ,2024-01-28 05:02:44.302265 ,0 days 00:03:24.863839 ,tanh                 ,              256 ,                 30 ,             0.95 ,      0.995  ,0.00016055176521763125 ,                      5 ,           256 ,medium          ,           0.01  ,PRUNED
189 ,   189 ,-10.620850800000003  ,2024-01-28 05:02:44.303209 ,2024-01-28 05:06:04.258796 ,0 days 00:03:19.955587 ,tanh                 ,              512 ,                 30 ,             0.99 ,      0.95   ,0.00030396649521462926 ,                     20 ,          1024 ,small           ,           0.03  ,PRUNED
190 ,   190 ,0.3280283999999997   ,2024-01-28 05:06:04.259824 ,2024-01-28 05:10:03.689299 ,0 days 00:03:59.429475 ,tanh                 ,              128 ,                 20 ,             0.9  ,      0.9    ,0.0002509583584393207  ,                     10 ,             8 ,medium          ,           0.01  ,PRUNED
191 ,   191 ,4.4636802            ,2024-01-28 05:10:03.690193 ,2024-01-28 05:19:13.432287 ,0 days 00:09:09.742094 ,tanh                 ,               64 ,                 10 ,             0.99 ,      0.9    ,0.0003657138965184302  ,                     30 ,             8 ,medium          ,           0.1   ,COMPLETE
192 ,   192 ,2.4168776            ,2024-01-28 05:19:13.433266 ,2024-01-28 05:24:00.690004 ,0 days 00:04:47.256738 ,tanh                 ,               64 ,                 10 ,             0.99 ,      0.9    ,0.000451317250217087   ,                     30 ,             8 ,medium          ,           0.1   ,PRUNED
193 ,   193 ,2.4624446            ,2024-01-28 05:24:00.691034 ,2024-01-28 05:28:47.303485 ,0 days 00:04:46.612451 ,tanh                 ,               64 ,                 10 ,             0.99 ,      0.9    ,0.00033011218485658243 ,                     30 ,             8 ,medium          ,           0.1   ,PRUNED
194 ,   194 ,1.3928136000000002   ,2024-01-28 05:28:47.304469 ,2024-01-28 05:33:34.536502 ,0 days 00:04:47.232033 ,tanh                 ,               64 ,                 10 ,             0.99 ,      0.9    ,0.0005400920352766517  ,                     30 ,             8 ,medium          ,           0.1   ,PRUNED
195 ,   195 ,0.30538520000000036  ,2024-01-28 05:33:34.537485 ,2024-01-28 05:37:55.855087 ,0 days 00:04:21.317602 ,tanh                 ,               16 ,                 10 ,             0.8  ,      0.9999 ,0.0006733312095342818  ,                     20 ,             8 ,medium          ,           0.1   ,PRUNED
196 ,   196 ,2.0887688000000004   ,2024-01-28 05:37:55.856087 ,2024-01-28 05:41:25.688457 ,0 days 00:03:29.832370 ,tanh                 ,               32 ,                 10 ,             0.99 ,      0.9    ,3.3045672275267464e-05 ,                     30 ,           128 ,small           ,           0.03  ,PRUNED
197 ,   197 ,4.518355199999999    ,2024-01-28 05:41:25.689430 ,2024-01-28 05:48:14.484550 ,0 days 00:06:48.795120 ,tanh                 ,               64 ,                 30 ,             0.95 ,      0.98   ,0.0001990161192325799  ,                     20 ,            64 ,medium          ,           0.01  ,COMPLETE
198 ,   198 ,2.2452087            ,2024-01-28 05:48:14.484550 ,2024-01-28 05:52:13.739982 ,0 days 00:03:59.255432 ,tanh                 ,              512 ,                 10 ,             0.99 ,      0.9    ,4.157568380321632e-05  ,                     25 ,             8 ,small           ,           0.1   ,PRUNED
199 ,   199 ,2.4257938            ,2024-01-28 05:52:13.740980 ,2024-01-28 05:57:30.891319 ,0 days 00:05:17.150339 ,relu                 ,               64 ,                 20 ,             0.99 ,      0.995  ,1.8980835960968713e-05 ,                     30 ,             8 ,medium          ,           0.005 ,PRUNED
