   ,number ,value                 ,datetime_start             ,datetime_complete          ,duration               ,params_activation_fn ,params_batch_size ,params_clip_range ,params_ent_coef        ,params_gae_lambda ,params_gamma ,params_learning_rate   ,params_max_grad_norm ,params_n_epochs ,params_n_steps ,params_net_arch ,params_vf_coef        ,state
 0 ,     0 ,-17.0836124           ,2024-01-26 23:58:25.265846 ,2024-01-27 00:05:58.384680 ,0 days 00:07:33.118834 ,tanh                 ,               64 ,              0.2 ,8.014124546408527e-05  ,             0.99 ,      0.9    ,4.193892657511447e-05  ,                 0.9 ,              5 ,             8 ,tiny            ,0.3643979832041371    ,COMPLETE
 1 ,     1 ,-16.9292573           ,2024-01-27 00:05:58.396871 ,2024-01-27 00:16:05.989144 ,0 days 00:10:07.592273 ,relu                 ,                8 ,              0.1 ,5.404447255119167e-06  ,             0.92 ,      0.999  ,0.035887775819097974   ,                 0.6 ,             10 ,           128 ,medium          ,0.2072473328255614    ,COMPLETE
 2 ,     2 ,-16.9297191           ,2024-01-27 00:16:05.990145 ,2024-01-27 00:21:36.390958 ,0 days 00:05:30.400813 ,tanh                 ,              128 ,              0.2 ,0.00026828111010991266 ,             0.8  ,      0.995  ,0.06300135363925762    ,                 0.6 ,              1 ,          1024 ,tiny            ,0.6622339845591115    ,COMPLETE
 3 ,     3 ,-12.894142299999999   ,2024-01-27 00:21:36.393472 ,2024-01-27 00:27:39.862161 ,0 days 00:06:03.468689 ,relu                 ,               32 ,              0.4 ,0.017700596626651466   ,             0.92 ,      0.999  ,2.241398162111038e-05  ,                 2.0 ,              5 ,           128 ,medium          ,0.41182612239620653   ,COMPLETE
 4 ,     4 ,-10.502746400000001   ,2024-01-27 00:27:39.863161 ,2024-01-27 00:34:16.414869 ,0 days 00:06:36.551708 ,relu                 ,               16 ,              0.2 ,0.005779715771977955   ,             0.95 ,      0.9999 ,2.356455064383313e-05  ,                 0.3 ,              5 ,           256 ,small           ,0.7178231748106358    ,COMPLETE
 5 ,     5 ,-1.9270937000000004   ,2024-01-27 00:34:16.416879 ,2024-01-27 00:43:59.921895 ,0 days 00:09:43.505016 ,relu                 ,               16 ,              0.3 ,2.7661808312382507e-08 ,             0.95 ,      0.9999 ,0.0006435008896390767  ,                 0.5 ,             20 ,           256 ,small           ,0.9999553467450556    ,COMPLETE
 6 ,     6 ,1.4598798             ,2024-01-27 00:43:59.923893 ,2024-01-27 00:53:45.600237 ,0 days 00:09:45.676344 ,relu                 ,               16 ,              0.3 ,1.0708555332563216e-08 ,             0.95 ,      0.9999 ,0.001510457625265399   ,                 0.5 ,             20 ,           256 ,small           ,0.986424556040175     ,COMPLETE
 7 ,     7 ,2.2329114             ,2024-01-27 00:53:45.602748 ,2024-01-27 01:01:28.653283 ,0 days 00:07:43.050535 ,relu                 ,              256 ,              0.3 ,1.1795818853696102e-08 ,             0.98 ,      0.99   ,0.0017962238256572808  ,                 0.7 ,             20 ,            32 ,small           ,0.9679027234651829    ,COMPLETE
 8 ,     8 ,-10.5805811           ,2024-01-27 01:01:28.655282 ,2024-01-27 01:09:14.090537 ,0 days 00:07:45.435255 ,tanh                 ,              256 ,              0.3 ,6.055368048353816e-07  ,             0.98 ,      0.99   ,0.9074648919882286     ,                 0.7 ,             20 ,            32 ,small           ,0.03352433548898981   ,COMPLETE
 9 ,     9 ,-19.656694000000005   ,2024-01-27 01:09:14.092042 ,2024-01-27 01:12:09.519762 ,0 days 00:02:55.427720 ,relu                 ,              256 ,              0.1 ,5.847711138180173e-07  ,             0.98 ,      0.99   ,0.012649259863526318   ,                 0.7 ,              1 ,          2048 ,small           ,0.6899618070312246    ,PRUNED
10 ,    10 ,-19.656694000000005   ,2024-01-27 01:12:09.520767 ,2024-01-27 01:15:36.917326 ,0 days 00:03:27.396559 ,tanh                 ,              512 ,              0.4 ,1.5429779060799213e-07 ,             1.0  ,      0.95   ,0.0002118444890119544  ,                 0.8 ,             10 ,            32 ,tiny            ,0.8324303928713408    ,PRUNED
11 ,    11 ,1.7529618999999996    ,2024-01-27 01:15:36.917326 ,2024-01-27 01:25:23.402615 ,0 days 00:09:46.485289 ,relu                 ,               16 ,              0.3 ,1.0891064697026824e-08 ,             0.9  ,      0.98   ,0.0020268481255803065  ,                 0.5 ,             20 ,            64 ,small           ,0.9919427898639072    ,COMPLETE
12 ,    12 ,2.3460188             ,2024-01-27 01:25:23.403615 ,2024-01-27 01:31:59.499698 ,0 days 00:06:36.096083 ,relu                 ,              256 ,              0.3 ,1.3341821142037155e-08 ,             0.9  ,      0.98   ,0.00522016548115875    ,                 1.0 ,             20 ,            64 ,small           ,0.8277341573349112    ,COMPLETE
13 ,    13 ,-1.8919530000000002   ,2024-01-27 01:31:59.501698 ,2024-01-27 01:38:34.653552 ,0 days 00:06:35.151854 ,relu                 ,              256 ,              0.3 ,3.016891794875613e-06  ,             0.9  ,      0.98   ,0.00949733786671309    ,                 1.0 ,             20 ,            64 ,small           ,0.8224711252268737    ,COMPLETE
14 ,    14 ,-2.5151127000000004   ,2024-01-27 01:38:34.654552 ,2024-01-27 01:44:21.948966 ,0 days 00:05:47.294414 ,relu                 ,              256 ,              0.3 ,9.912650810570606e-08  ,             0.98 ,      0.98   ,0.0002519466367716043  ,                 1.0 ,             20 ,           512 ,small           ,0.5520626320860936    ,COMPLETE
15 ,    15 ,-16.925088199999998   ,2024-01-27 01:44:21.951061 ,2024-01-27 01:49:34.225535 ,0 days 00:05:12.274474 ,relu                 ,              256 ,              0.3 ,1.0898099345714028e-05 ,             0.9  ,      0.99   ,0.30258233613455143    ,                 5.0 ,             20 ,            16 ,medium          ,0.8330585294487289    ,PRUNED
16 ,    16 ,0.30036079999999943   ,2024-01-27 01:49:34.226540 ,2024-01-27 01:56:17.420829 ,0 days 00:06:43.194289 ,relu                 ,               64 ,              0.3 ,0.0009596814005236477  ,             1.0  ,      0.995  ,0.00465782025386401    ,                 0.7 ,             20 ,            64 ,small           ,0.8279390351032213    ,COMPLETE
17 ,    17 ,-8.3464427            ,2024-01-27 01:56:17.422200 ,2024-01-27 02:01:34.900517 ,0 days 00:05:17.478317 ,relu                 ,                8 ,              0.1 ,1.0737515327084958e-07 ,             0.8  ,      0.9    ,0.05156456322651264    ,                 1.0 ,             10 ,            32 ,small           ,0.5716738569069895    ,PRUNED
18 ,    18 ,-8.5874846            ,2024-01-27 02:01:34.910169 ,2024-01-27 02:04:51.277678 ,0 days 00:03:16.367509 ,tanh                 ,              512 ,              0.4 ,0.08174677877253415    ,             0.99 ,      0.95   ,0.00018890781314491117 ,                 5.0 ,              1 ,             8 ,medium          ,0.8873407177075472    ,PRUNED
19 ,    19 ,-2.1191319            ,2024-01-27 02:04:51.277678 ,2024-01-27 02:10:54.655253 ,0 days 00:06:03.377575 ,relu                 ,              128 ,              0.3 ,9.555288800488363e-07  ,             0.98 ,      0.98   ,0.0009359229836461812  ,                 0.3 ,             20 ,          1024 ,tiny            ,0.720473060873343     ,COMPLETE
20 ,    20 ,-19.656694000000005   ,2024-01-27 02:10:54.655253 ,2024-01-27 02:13:58.564466 ,0 days 00:03:03.909213 ,relu                 ,              256 ,              0.3 ,3.6308284994474585e-05 ,             0.9  ,      0.99   ,0.006537367794868253   ,                 0.9 ,             20 ,          2048 ,small           ,0.9067442029592361    ,PRUNED
21 ,    21 ,4.5981429             ,2024-01-27 02:13:58.565465 ,2024-01-27 02:21:42.422370 ,0 days 00:07:43.856905 ,relu                 ,               32 ,              0.3 ,2.1615889128092995e-08 ,             0.9  ,      0.98   ,0.0020174867402437706  ,                 0.5 ,             20 ,            64 ,small           ,0.9449561766071425    ,COMPLETE
22 ,    22 ,-2.4695365999999996   ,2024-01-27 02:21:42.423369 ,2024-01-27 02:25:43.900764 ,0 days 00:04:01.477395 ,relu                 ,               32 ,              0.3 ,4.557745560111198e-08  ,             0.9  ,      0.98   ,0.0005047562617670366  ,                 2.0 ,             20 ,            64 ,small           ,0.9348751735418612    ,PRUNED
23 ,    23 ,-8.347078             ,2024-01-27 02:25:43.901764 ,2024-01-27 02:29:46.089136 ,0 days 00:04:02.187372 ,relu                 ,               32 ,              0.3 ,3.138120040603256e-08  ,             0.9  ,      0.98   ,0.019586428776830173   ,                 1.0 ,             20 ,            64 ,small           ,0.7483295399301744    ,PRUNED
24 ,    24 ,2.1849217             ,2024-01-27 02:29:46.090141 ,2024-01-27 02:39:49.250887 ,0 days 00:10:03.160746 ,relu                 ,               32 ,              0.3 ,2.632396212689967e-07  ,             0.9  ,      0.98   ,0.003986460041762639   ,                 0.8 ,             20 ,            16 ,small           ,0.9039068703217261    ,COMPLETE
25 ,    25 ,3.6980881000000005    ,2024-01-27 02:39:49.251885 ,2024-01-27 02:45:39.373710 ,0 days 00:05:50.121825 ,relu                 ,              256 ,              0.3 ,3.122613308324642e-08  ,             0.98 ,      0.99   ,0.0022690990276469187  ,                 0.5 ,             20 ,           512 ,small           ,0.6171109247250259    ,COMPLETE
26 ,    26 ,-4.5616799000000015   ,2024-01-27 02:45:39.384051 ,2024-01-27 02:48:41.673040 ,0 days 00:03:02.288989 ,tanh                 ,               32 ,              0.1 ,1.4481194462871543e-06 ,             0.9  ,      0.98   ,7.539969419448171e-05  ,                 0.5 ,              1 ,           512 ,small           ,0.6110930803203543    ,PRUNED
27 ,    27 ,-6.2338333            ,2024-01-27 02:48:41.674045 ,2024-01-27 02:51:43.058232 ,0 days 00:03:01.384187 ,relu                 ,              256 ,              0.2 ,6.160058278631007e-08  ,             0.92 ,      0.995  ,0.15891068256986826    ,                 0.5 ,              5 ,           512 ,small           ,0.48244564454800265   ,PRUNED
28 ,    28 ,4.6131201             ,2024-01-27 02:51:43.059235 ,2024-01-27 02:57:30.424725 ,0 days 00:05:47.365490 ,relu                 ,              512 ,              0.4 ,1.5897359457088053e-07 ,             1.0  ,      0.95   ,0.004080108226250051   ,                 0.5 ,             10 ,            64 ,tiny            ,0.7832737668041073    ,COMPLETE
29 ,    29 ,-10.6177948           ,2024-01-27 02:57:30.425727 ,2024-01-27 03:00:19.236248 ,0 days 00:02:48.810521 ,tanh                 ,              512 ,              0.4 ,3.584794926832945e-07  ,             1.0  ,      0.95   ,8.56709103963511e-05   ,                 0.5 ,             10 ,           512 ,tiny            ,0.29450258595348433   ,PRUNED
30 ,    30 ,-1.8952705            ,2024-01-27 03:00:19.237250 ,2024-01-27 03:05:06.185331 ,0 days 00:04:46.948081 ,relu                 ,               64 ,              0.4 ,0.000176397579886242   ,             0.99 ,      0.9    ,0.0005592862247701819  ,                 0.5 ,             10 ,             8 ,tiny            ,0.48135172089284173   ,PRUNED
31 ,    31 ,3.1012994999999997    ,2024-01-27 03:05:06.185331 ,2024-01-27 03:10:49.095100 ,0 days 00:05:42.909769 ,relu                 ,              512 ,              0.4 ,2.499603165300787e-08  ,             1.0  ,      0.95   ,0.0030183366763537906  ,                 0.9 ,             10 ,            64 ,tiny            ,0.7935894622206857    ,COMPLETE
32 ,    32 ,4.621493200000001     ,2024-01-27 03:10:49.096100 ,2024-01-27 03:16:32.462987 ,0 days 00:05:43.366887 ,relu                 ,              512 ,              0.4 ,5.080729487499266e-08  ,             1.0  ,      0.95   ,0.020722780861632963   ,                 0.9 ,             10 ,            64 ,tiny            ,0.7667889211979797    ,COMPLETE
33 ,    33 ,1.6006520000000002    ,2024-01-27 03:16:32.463987 ,2024-01-27 03:22:13.558878 ,0 days 00:05:41.094891 ,relu                 ,              512 ,              0.4 ,1.9735557094724725e-07 ,             1.0  ,      0.95   ,0.016578425839136678   ,                 0.9 ,             10 ,            64 ,tiny            ,0.6359509263424796    ,COMPLETE
34 ,    34 ,-1.9236538000000003   ,2024-01-27 03:22:13.559877 ,2024-01-27 03:25:14.348459 ,0 days 00:03:00.788582 ,relu                 ,              512 ,              0.4 ,7.290312158486256e-06  ,             1.0  ,      0.95   ,0.02806831701247293    ,                 0.6 ,             10 ,            64 ,tiny            ,0.7499531690488658    ,PRUNED
35 ,    35 ,-4.077680900000001    ,2024-01-27 03:25:14.349459 ,2024-01-27 03:29:59.148416 ,0 days 00:04:44.798957 ,relu                 ,                8 ,              0.4 ,5.96070869401241e-08   ,             0.8  ,      0.999  ,0.09541422290360752    ,                 0.9 ,             10 ,          1024 ,tiny            ,0.6547327682005278    ,PRUNED
36 ,    36 ,1.6694503999999994    ,2024-01-27 03:29:59.150495 ,2024-01-27 03:35:19.434018 ,0 days 00:05:20.283523 ,relu                 ,              128 ,              0.2 ,2.7812163693781e-06    ,             1.0  ,      0.95   ,0.0013655330282361907  ,                 0.5 ,              5 ,           512 ,tiny            ,0.40839615277813923   ,COMPLETE
37 ,    37 ,-10.6657615           ,2024-01-27 03:35:19.435022 ,2024-01-27 03:38:15.158446 ,0 days 00:02:55.723424 ,tanh                 ,              512 ,              0.4 ,2.9209764918706115e-08 ,             0.92 ,      0.999  ,1.1246876413741236e-05 ,                 0.5 ,             10 ,           128 ,medium          ,0.7742016580301014    ,PRUNED
38 ,    38 ,-0.08770859999999989  ,2024-01-27 03:38:15.159451 ,2024-01-27 03:41:32.430814 ,0 days 00:03:17.271363 ,relu                 ,               32 ,              0.2 ,1.1291277399701539e-07 ,             1.0  ,      0.95   ,0.009878554319703685   ,                 2.0 ,             10 ,           128 ,tiny            ,0.5793743849272417    ,PRUNED
39 ,    39 ,-4.126570500000001    ,2024-01-27 03:41:32.431813 ,2024-01-27 03:44:20.383620 ,0 days 00:02:47.951807 ,relu                 ,              512 ,              0.4 ,2.770453958656775e-07  ,             0.98 ,      0.9999 ,0.0029032711722717596  ,                 0.6 ,              5 ,           256 ,tiny            ,0.6906385423794921    ,PRUNED
40 ,    40 ,-0.38395330000000033  ,2024-01-27 03:44:20.384619 ,2024-01-27 03:47:09.656891 ,0 days 00:02:49.272272 ,relu                 ,               64 ,              0.1 ,0.0009694031973879398  ,             0.99 ,      0.99   ,0.0010262726033259     ,                 0.3 ,              1 ,            64 ,medium          ,0.0006944615851378622 ,PRUNED
41 ,    41 ,1.8111106             ,2024-01-27 03:47:09.657892 ,2024-01-27 03:52:52.206513 ,0 days 00:05:42.548621 ,relu                 ,              512 ,              0.4 ,2.2096367109158538e-08 ,             1.0  ,      0.95   ,0.002670367590143554   ,                 0.9 ,             10 ,            64 ,tiny            ,0.7797277322004845    ,COMPLETE
42 ,    42 ,0.039782000000000116  ,2024-01-27 03:52:52.206513 ,2024-01-27 03:55:53.642822 ,0 days 00:03:01.436309 ,relu                 ,              512 ,              0.4 ,2.311624159127609e-08  ,             0.95 ,      0.95   ,0.0071214781903550265  ,                 0.9 ,             10 ,            64 ,tiny            ,0.8541190898295222    ,PRUNED
43 ,    43 ,-10.5674454           ,2024-01-27 03:55:53.643824 ,2024-01-27 03:58:54.936526 ,0 days 00:03:01.292702 ,relu                 ,              512 ,              0.4 ,5.345295755313703e-08  ,             1.0  ,      0.95   ,0.022076419632753242   ,                 0.9 ,             10 ,            64 ,tiny            ,0.7772541026777117    ,PRUNED
44 ,    44 ,-8.3869997            ,2024-01-27 03:58:54.937526 ,2024-01-27 04:01:44.143193 ,0 days 00:02:49.205667 ,relu                 ,              512 ,              0.4 ,5.405300730406006e-07  ,             1.0  ,      0.95   ,0.03810994817513392    ,                 0.5 ,             10 ,          2048 ,tiny            ,0.9406934396584588    ,PRUNED
45 ,    45 ,-2.0571245            ,2024-01-27 04:01:44.144194 ,2024-01-27 04:05:30.122226 ,0 days 00:03:45.978032 ,relu                 ,               16 ,              0.4 ,1.6384595472829376e-08 ,             1.0  ,      0.9    ,0.0026219945673402545  ,                 0.9 ,             10 ,            64 ,tiny            ,0.67968988440514      ,PRUNED
46 ,    46 ,-15.199328699999999   ,2024-01-27 04:05:30.123228 ,2024-01-27 04:10:14.389399 ,0 days 00:04:44.266171 ,tanh                 ,                8 ,              0.4 ,8.935486457677915e-08  ,             0.98 ,      0.99   ,0.0003281024158132731  ,                 0.5 ,             10 ,            64 ,tiny            ,0.5297892509906537    ,PRUNED
47 ,    47 ,-1.9313860000000005   ,2024-01-27 04:10:14.390399 ,2024-01-27 04:13:37.962609 ,0 days 00:03:23.572210 ,relu                 ,              128 ,              0.2 ,3.719257246577435e-08  ,             0.95 ,      0.9999 ,0.0014432870443072264  ,                 0.8 ,              5 ,            16 ,tiny            ,0.8744096499749417    ,PRUNED
48 ,    48 ,-8.4256281            ,2024-01-27 04:13:37.963609 ,2024-01-27 04:18:39.732575 ,0 days 00:05:01.768966 ,relu                 ,              512 ,              0.4 ,1.0179833270188145e-08 ,             0.8  ,      0.995  ,0.012067032676581511   ,                 0.5 ,             10 ,             8 ,medium          ,0.7195264726693581    ,PRUNED
49 ,    49 ,-2.8942102000000003   ,2024-01-27 04:18:39.742716 ,2024-01-27 04:22:26.999210 ,0 days 00:03:47.256494 ,relu                 ,               32 ,              0.1 ,1.693350978275608e-07  ,             1.0  ,      0.95   ,0.004709137487920506   ,                 5.0 ,             20 ,           256 ,tiny            ,0.11606789518888139   ,PRUNED
50 ,    50 ,-6.314210400000002    ,2024-01-27 04:22:27.000213 ,2024-01-27 04:25:21.268625 ,0 days 00:02:54.268412 ,relu                 ,               16 ,              0.3 ,2.1492407402850982e-06 ,             0.92 ,      0.99   ,0.0008801966212352316  ,                 0.9 ,              1 ,           512 ,small           ,0.6128913530729883    ,PRUNED
51 ,    51 ,-3.9782241000000007   ,2024-01-27 04:25:21.268625 ,2024-01-27 04:28:39.914701 ,0 days 00:03:18.646076 ,relu                 ,              256 ,              0.3 ,1.643034405737585e-08  ,             0.9  ,      0.98   ,0.006025128063072952   ,                 1.0 ,             20 ,            64 ,small           ,0.8138913600028709    ,PRUNED
52 ,    52 ,0.1346497000000002    ,2024-01-27 04:28:39.915701 ,2024-01-27 04:31:59.530580 ,0 days 00:03:19.614879 ,relu                 ,              256 ,              0.3 ,7.194143533996698e-08  ,             0.98 ,      0.98   ,0.0018205250032082064  ,                 0.5 ,             20 ,            64 ,small           ,0.9549593177205749    ,PRUNED
53 ,    53 ,-0.014664800000000167 ,2024-01-27 04:31:59.530580 ,2024-01-27 04:35:19.643316 ,0 days 00:03:20.112736 ,relu                 ,              256 ,              0.3 ,1.8493430817002182e-08 ,             0.9  ,      0.999  ,0.003469934101391375   ,                 1.0 ,             20 ,            64 ,small           ,0.7999708116018441    ,PRUNED
54 ,    54 ,2.4162452999999995    ,2024-01-27 04:35:19.643316 ,2024-01-27 04:42:42.772378 ,0 days 00:07:23.129062 ,relu                 ,              256 ,              0.3 ,1.0072004719071791e-08 ,             1.0  ,      0.95   ,0.008858640902661065   ,                 0.7 ,             20 ,            32 ,small           ,0.8623928783894539    ,COMPLETE
55 ,    55 ,-5.0293396999999995   ,2024-01-27 04:42:42.773378 ,2024-01-27 04:46:36.418290 ,0 days 00:03:53.644912 ,relu                 ,              512 ,              0.3 ,3.662050722267603e-08  ,             1.0  ,      0.95   ,0.007762992798121487   ,                 0.7 ,             20 ,            32 ,small           ,0.8511972634591969    ,PRUNED
56 ,    56 ,-19.656694000000005   ,2024-01-27 04:46:36.419290 ,2024-01-27 04:50:30.045776 ,0 days 00:03:53.626486 ,relu                 ,              256 ,              0.3 ,1.011277536586379e-08  ,             1.0  ,      0.95   ,0.03854921279799803    ,                 0.7 ,             20 ,            32 ,small           ,0.9132477200820613    ,PRUNED
57 ,    57 ,2.4141667999999994    ,2024-01-27 04:50:30.046777 ,2024-01-27 04:57:53.354665 ,0 days 00:07:23.307888 ,relu                 ,               32 ,              0.3 ,1.195420183174966e-07  ,             1.0  ,      0.95   ,0.0022215530137305677  ,                 0.7 ,             20 ,            32 ,small           ,0.9987248289379282    ,COMPLETE
58 ,    58 ,-19.656694000000005   ,2024-01-27 04:57:53.355666 ,2024-01-27 05:00:44.239032 ,0 days 00:02:50.883366 ,tanh                 ,              256 ,              0.4 ,5.516980960897468e-07  ,             0.98 ,      0.99   ,0.013205777229603878   ,                 0.3 ,             10 ,          1024 ,medium          ,0.8706417504391111    ,PRUNED
59 ,    59 ,-16.924113            ,2024-01-27 05:00:44.240030 ,2024-01-27 05:04:39.981596 ,0 days 00:03:55.741566 ,relu                 ,               64 ,              0.3 ,3.666157794954143e-08  ,             1.0  ,      0.95   ,0.07170347516927181    ,                 2.0 ,             20 ,            32 ,small           ,0.736735922345533     ,PRUNED
60 ,    60 ,4.1328469             ,2024-01-27 05:04:39.982595 ,2024-01-27 05:10:01.343572 ,0 days 00:05:21.360977 ,relu                 ,              512 ,              0.1 ,0.008026104269443671   ,             0.95 ,      0.995  ,0.0007326346838192612  ,                 0.7 ,             20 ,          2048 ,tiny            ,0.695483343940813     ,COMPLETE
61 ,    61 ,-10.797830399999999   ,2024-01-27 05:10:01.344577 ,2024-01-27 05:12:52.517219 ,0 days 00:02:51.172642 ,relu                 ,              512 ,              0.1 ,0.0031466402612398726  ,             0.95 ,      0.995  ,0.0004362682212314241  ,                 0.7 ,             20 ,          2048 ,tiny            ,0.7119718117747441    ,PRUNED
62 ,    62 ,-6.660758500000002    ,2024-01-27 05:12:52.518221 ,2024-01-27 05:15:43.044066 ,0 days 00:02:50.525845 ,relu                 ,              512 ,              0.1 ,0.0538815974185046     ,             0.95 ,      0.995  ,0.0008624453795905884  ,                 0.7 ,             20 ,           512 ,tiny            ,0.8047714949562107    ,PRUNED
63 ,    63 ,0.0062762999999995015 ,2024-01-27 05:15:43.045067 ,2024-01-27 05:18:33.814326 ,0 days 00:02:50.769259 ,relu                 ,              512 ,              0.1 ,0.008228702351698699   ,             0.95 ,      0.995  ,0.003735141826451899   ,                 0.7 ,             20 ,          2048 ,tiny            ,0.7577555580030755    ,PRUNED
64 ,    64 ,-4.4437841            ,2024-01-27 05:18:33.815327 ,2024-01-27 05:21:24.886465 ,0 days 00:02:51.071138 ,relu                 ,              512 ,              0.1 ,3.483804355324649e-05  ,             0.99 ,      0.9    ,0.001334849790175498   ,                 0.6 ,             20 ,          2048 ,tiny            ,0.6459053268786037    ,PRUNED
65 ,    65 ,-8.749168399999999    ,2024-01-27 05:21:24.887464 ,2024-01-27 05:24:25.109135 ,0 days 00:03:00.221671 ,relu                 ,                8 ,              0.3 ,0.0001397275930929051  ,             1.0  ,      0.995  ,0.00017875732171883312 ,                 5.0 ,              1 ,           128 ,small           ,0.6889163232722277    ,PRUNED
66 ,    66 ,2.6852913000000003    ,2024-01-27 05:24:25.110135 ,2024-01-27 05:33:33.865791 ,0 days 00:09:08.755656 ,relu                 ,              128 ,              0.1 ,0.022017255176497903   ,             0.95 ,      0.9999 ,0.0007665193620573559  ,                 0.8 ,             20 ,            16 ,tiny            ,0.969811636547188     ,COMPLETE
67 ,    67 ,-0.43188369999999965  ,2024-01-27 05:33:33.866792 ,2024-01-27 05:37:20.200617 ,0 days 00:03:46.333825 ,relu                 ,              128 ,              0.1 ,0.014855676642122053   ,             0.95 ,      0.9999 ,0.0009208714143367297  ,                 0.8 ,             10 ,            16 ,tiny            ,0.9239775848006447    ,PRUNED
68 ,    68 ,-4.5550809            ,2024-01-27 05:37:20.201618 ,2024-01-27 05:40:38.140356 ,0 days 00:03:17.938738 ,tanh                 ,              128 ,              0.1 ,0.025997866153956165   ,             0.95 ,      0.9999 ,0.0003480946451113641  ,                 0.8 ,              5 ,            16 ,tiny            ,0.9562513151940754    ,PRUNED
69 ,    69 ,2.0741994999999998    ,2024-01-27 05:40:38.141357 ,2024-01-27 05:49:48.169405 ,0 days 00:09:10.028048 ,relu                 ,              128 ,              0.1 ,1.6860817015834826e-05 ,             0.95 ,      0.9999 ,9.253506632938126e-05  ,                 0.8 ,             20 ,            16 ,tiny            ,0.9778591954868724    ,COMPLETE
70 ,    70 ,-8.389724             ,2024-01-27 05:49:48.170405 ,2024-01-27 05:52:42.766380 ,0 days 00:02:54.595975 ,relu                 ,              128 ,              0.1 ,0.002763400181536356   ,             0.8  ,      0.9999 ,0.0006483062118401964  ,                 0.5 ,             10 ,          2048 ,tiny            ,0.6149029907364135    ,PRUNED
71 ,    71 ,1.8452884             ,2024-01-27 05:52:42.767381 ,2024-01-27 05:59:52.890020 ,0 days 00:07:10.122639 ,relu                 ,               32 ,              0.4 ,0.020996140754445555   ,             0.95 ,      0.95   ,0.0021923389612593263  ,                 0.9 ,             20 ,            64 ,tiny            ,0.8728333286054097    ,COMPLETE
72 ,    72 ,0.9399423             ,2024-01-27 05:59:52.891022 ,2024-01-27 06:04:49.034644 ,0 days 00:04:56.143622 ,relu                 ,              256 ,              0.2 ,0.0008882674459655481  ,             0.98 ,      0.99   ,0.005040552266404839   ,                 0.7 ,             20 ,            16 ,small           ,0.8414263696063828    ,PRUNED
73 ,    73 ,-5.5841172            ,2024-01-27 06:04:49.034644 ,2024-01-27 06:11:34.144048 ,0 days 00:06:45.109404 ,relu                 ,              512 ,              0.3 ,0.046482540284519897   ,             1.0  ,      0.95   ,0.0017131197922720376  ,                 0.5 ,             20 ,             8 ,tiny            ,0.7998913665264055    ,PRUNED
74 ,    74 ,-3.7792218000000006   ,2024-01-27 06:11:34.145050 ,2024-01-27 06:16:18.323736 ,0 days 00:04:44.178686 ,relu                 ,               16 ,              0.4 ,6.224244284596861e-08  ,             1.0  ,      0.95   ,0.00899788670535951    ,                 0.8 ,             20 ,           512 ,tiny            ,0.8957943188149362    ,PRUNED
75 ,    75 ,-1.3806348999999998   ,2024-01-27 06:16:18.324735 ,2024-01-27 06:19:38.836144 ,0 days 00:03:20.511409 ,relu                 ,              512 ,              0.1 ,6.539087854705547e-05  ,             0.92 ,      0.999  ,0.0007067957179999515  ,                 0.9 ,             20 ,            64 ,small           ,0.7335614113766314    ,PRUNED
76 ,    76 ,-0.31872749999999983  ,2024-01-27 06:19:38.837143 ,2024-01-27 06:22:29.674473 ,0 days 00:02:50.837330 ,relu                 ,              256 ,              0.3 ,1.991806325125119e-08  ,             0.9  ,      0.98   ,0.016884527834975155   ,                 0.5 ,             10 ,           256 ,tiny            ,0.7717752967722615    ,PRUNED
77 ,    77 ,-19.656694000000005   ,2024-01-27 06:22:29.675471 ,2024-01-27 06:26:22.293487 ,0 days 00:03:52.618016 ,relu                 ,               32 ,              0.4 ,0.0004877159125324877  ,             0.95 ,      0.95   ,0.003371890910342641   ,                 0.7 ,             20 ,          1024 ,medium          ,0.9197675359117051    ,PRUNED
78 ,    78 ,0.23253639999999987   ,2024-01-27 06:26:22.294488 ,2024-01-27 06:29:43.479012 ,0 days 00:03:21.184524 ,relu                 ,              512 ,              0.4 ,0.010436286238845236   ,             1.0  ,      0.995  ,0.0011535033445964698  ,                 2.0 ,             10 ,            32 ,small           ,0.5722723859556585    ,PRUNED
79 ,    79 ,-16.925033899999995   ,2024-01-27 06:29:43.480013 ,2024-01-27 06:32:31.645266 ,0 days 00:02:48.165253 ,tanh                 ,               64 ,              0.3 ,2.7637418590562934e-08 ,             0.98 ,      0.99   ,0.02481330232671785    ,                 0.3 ,              1 ,            64 ,tiny            ,0.6687432396486199    ,PRUNED
80 ,    80 ,-0.20147640000000022  ,2024-01-27 06:32:31.646266 ,2024-01-27 06:35:48.669847 ,0 days 00:03:17.023581 ,relu                 ,              128 ,              0.1 ,2.2716074775246266e-07 ,             0.99 ,      0.9999 ,0.012483285037596064   ,                 0.5 ,             20 ,            64 ,tiny            ,0.9727469102898191    ,PRUNED
81 ,    81 ,-4.0029969            ,2024-01-27 06:35:48.670848 ,2024-01-27 06:39:41.892523 ,0 days 00:03:53.221675 ,relu                 ,               32 ,              0.3 ,4.7262890870349106e-08 ,             1.0  ,      0.95   ,0.002093767897628845   ,                 0.7 ,             20 ,            32 ,small           ,0.9401505376030844    ,PRUNED
82 ,    82 ,4.2550875             ,2024-01-27 06:39:41.893524 ,2024-01-27 06:47:05.462355 ,0 days 00:07:23.568831 ,relu                 ,               32 ,              0.3 ,1.4103668541991708e-07 ,             1.0  ,      0.95   ,0.004609329225924146   ,                 0.7 ,             20 ,            32 ,small           ,0.9977937076601027    ,COMPLETE
83 ,    83 ,1.7072276             ,2024-01-27 06:47:05.463358 ,2024-01-27 06:50:59.226893 ,0 days 00:03:53.763535 ,relu                 ,               32 ,              0.3 ,9.137444754959276e-08  ,             1.0  ,      0.95   ,0.006088669491050334   ,                 0.7 ,             20 ,            32 ,small           ,0.8874300408971583    ,PRUNED
84 ,    84 ,-1.9303863999999997   ,2024-01-27 06:50:59.227894 ,2024-01-27 06:54:52.770826 ,0 days 00:03:53.542932 ,relu                 ,               32 ,              0.3 ,3.2658788112942796e-07 ,             1.0  ,      0.95   ,0.00445374994603118    ,                 0.9 ,             20 ,            32 ,small           ,0.9968943131101027    ,PRUNED
85 ,    85 ,1.084609              ,2024-01-27 06:54:52.771825 ,2024-01-27 06:57:48.104843 ,0 days 00:02:55.333018 ,relu                 ,              512 ,              0.2 ,1.0255667714154093e-06 ,             1.0  ,      0.9    ,0.0028036399710948063  ,                 0.7 ,             10 ,           128 ,small           ,0.8520816653994608    ,PRUNED
86 ,    86 ,2.4655285000000005    ,2024-01-27 06:57:48.105846 ,2024-01-27 07:05:07.651442 ,0 days 00:07:19.545596 ,relu                 ,                8 ,              0.4 ,1.3434887849826683e-07 ,             0.9  ,      0.95   ,0.001518411365184679   ,                 0.6 ,              5 ,           512 ,small           ,0.7072621922820159    ,COMPLETE
87 ,    87 ,-6.276748399999999    ,2024-01-27 07:05:07.652443 ,2024-01-27 07:08:54.086828 ,0 days 00:03:46.434385 ,relu                 ,                8 ,              0.4 ,1.8183129701481882e-07 ,             0.9  ,      0.98   ,0.00046438327266703735 ,                 0.6 ,              5 ,           512 ,tiny            ,0.6460703110266028    ,PRUNED
88 ,    88 ,-19.656694000000005   ,2024-01-27 07:08:54.087830 ,2024-01-27 07:12:42.831468 ,0 days 00:03:48.743638 ,relu                 ,                8 ,              0.4 ,1.0827747630644474e-07 ,             0.9  ,      0.95   ,0.22744662553716727    ,                 0.6 ,              5 ,           512 ,small           ,0.7030586706128359    ,PRUNED
89 ,    89 ,-0.06736450000000005  ,2024-01-27 07:12:42.832467 ,2024-01-27 07:16:28.965412 ,0 days 00:03:46.132945 ,relu                 ,                8 ,              0.4 ,3.9833043630579614e-07 ,             0.9  ,      0.95   ,0.0013859725959616024  ,                 0.6 ,              5 ,           512 ,tiny            ,0.5364794465025718    ,PRUNED
90 ,    90 ,-4.5608727            ,2024-01-27 07:16:28.966412 ,2024-01-27 07:20:24.761482 ,0 days 00:03:55.795070 ,relu                 ,                8 ,              0.4 ,4.583407122096934e-06  ,             0.9  ,      0.99   ,0.00026713698928036787 ,                 0.5 ,              5 ,            64 ,medium          ,0.6269584620942       ,PRUNED
91 ,    91 ,-1.0658463999999999   ,2024-01-27 07:20:24.762483 ,2024-01-27 07:23:20.260200 ,0 days 00:02:55.497717 ,relu                 ,              256 ,              0.3 ,1.2574406891328756e-08 ,             0.8  ,      0.95   ,0.009523172258470984   ,                 0.9 ,             20 ,           512 ,small           ,0.8219097283664207    ,PRUNED
92 ,    92 ,-2.3838210000000006   ,2024-01-27 07:23:20.261200 ,2024-01-27 07:26:23.181961 ,0 days 00:03:02.920761 ,relu                 ,               32 ,              0.4 ,2.4479492713444785e-08 ,             1.0  ,      0.95   ,0.0017593934710540783  ,                 0.6 ,              5 ,          2048 ,small           ,0.31187162546390684   ,PRUNED
93 ,    93 ,0.22087459999999998   ,2024-01-27 07:26:23.182963 ,2024-01-27 07:29:44.445355 ,0 days 00:03:21.262392 ,relu                 ,              512 ,              0.3 ,7.100487071229739e-08  ,             0.98 ,      0.95   ,0.0026600431747201047  ,                 5.0 ,             10 ,            32 ,small           ,0.7609735554155854    ,PRUNED
94 ,    94 ,0.2252283000000001    ,2024-01-27 07:29:44.446357 ,2024-01-27 07:33:04.060999 ,0 days 00:03:19.614642 ,relu                 ,              256 ,              0.4 ,1.4994134358714127e-08 ,             0.92 ,      0.95   ,0.005421035824161385   ,                 0.7 ,             20 ,            64 ,small           ,0.9706030401737049    ,PRUNED
95 ,    95 ,-16.9272659           ,2024-01-27 07:33:04.061999 ,2024-01-27 07:38:01.318077 ,0 days 00:04:57.256078 ,relu                 ,              512 ,              0.3 ,1.4702055742453184e-07 ,             1.0  ,      0.995  ,0.8493053284521861     ,                 0.8 ,             20 ,            16 ,small           ,0.7843622752784372    ,PRUNED
96 ,    96 ,-6.2337022            ,2024-01-27 07:38:01.318077 ,2024-01-27 07:43:00.467300 ,0 days 00:04:59.149223 ,relu                 ,               16 ,              0.4 ,4.2544174395070106e-08 ,             0.9  ,      0.95   ,0.0038740633284321552  ,                 0.5 ,             10 ,             8 ,small           ,0.7389080227255022    ,PRUNED
97 ,    97 ,3.3150158             ,2024-01-27 07:43:00.468301 ,2024-01-27 07:50:10.031665 ,0 days 00:07:09.563364 ,tanh                 ,               32 ,              0.1 ,2.623134948154699e-08  ,             0.95 ,      0.999  ,0.00783729185122962    ,                 0.9 ,             20 ,           256 ,tiny            ,0.9477483302260257    ,COMPLETE
98 ,    98 ,-4.4466380999999995   ,2024-01-27 07:50:10.032664 ,2024-01-27 07:53:26.402791 ,0 days 00:03:16.370127 ,tanh                 ,               32 ,              0.1 ,8.051057215073317e-08  ,             0.95 ,      0.999  ,0.0007436520715283937  ,                 0.9 ,             10 ,           256 ,tiny            ,0.6690808853033284    ,PRUNED
99 ,    99 ,-2.1053583            ,2024-01-27 07:53:26.403790 ,2024-01-27 07:56:16.622899 ,0 days 00:02:50.219109 ,tanh                 ,               32 ,              0.1 ,0.0032499305643477368  ,             0.95 ,      0.999  ,0.007456922131615195   ,                 0.9 ,              1 ,           256 ,tiny            ,0.9492460252443893    ,PRUNED
