   ,number ,value               ,datetime_start             ,datetime_complete          ,duration               ,params_batch_size ,params_buffer_size ,params_exploration_final_eps ,params_exploration_fraction ,params_gamma ,params_learning_rate   ,params_learning_starts ,params_net_arch ,params_subsample_steps ,params_target_update_interval ,params_train_freq ,state
 0 ,     0 ,-8.3501847          ,2024-01-26 12:53:22.246789 ,2024-01-26 12:58:39.263045 ,0 days 00:05:17.016256 ,              128 ,             10000 ,        0.0827874540773649   ,       0.2235564906633808   ,      0.999  ,1.9503619975756073e-05 ,                 20000 ,small           ,                     8 ,                         5000 ,              128 ,COMPLETE
 1 ,     1 ,-14.969172499999999 ,2024-01-26 12:58:39.265047 ,2024-01-26 13:04:08.028836 ,0 days 00:05:28.763789 ,              128 ,           1000000 ,        0.1465389403814291   ,       0.06062550406767003  ,      0.9999 ,0.07712624285575129    ,                 10000 ,medium          ,                     2 ,                         5000 ,              128 ,COMPLETE
 2 ,     2 ,-12.622093900000001 ,2024-01-26 13:04:08.028836 ,2024-01-26 13:09:21.211403 ,0 days 00:05:13.182567 ,              512 ,           1000000 ,        0.016074702713557754 ,       0.21102431506991864  ,      0.99   ,0.005603293261820771   ,                 20000 ,small           ,                     8 ,                         5000 ,              256 ,COMPLETE
 3 ,     3 ,-16.925952599999995 ,2024-01-26 13:09:21.212405 ,2024-01-26 13:14:43.454060 ,0 days 00:05:22.241655 ,              512 ,             50000 ,        0.16925238898854955  ,       0.09829038338584994  ,      0.99   ,2.5222695375585174e-05 ,                     0 ,small           ,                     2 ,                        10000 ,              256 ,COMPLETE
 4 ,     4 ,-16.925259999999998 ,2024-01-26 13:14:43.455059 ,2024-01-26 13:20:21.394314 ,0 days 00:05:37.939255 ,              512 ,            100000 ,        0.0060202730510182   ,       0.15929701694778553  ,      0.995  ,0.051150325254014      ,                 10000 ,medium          ,                     1 ,                        10000 ,                4 ,COMPLETE
 5 ,     5 ,-16.92735           ,2024-01-26 13:20:21.395315 ,2024-01-26 13:23:07.532855 ,0 days 00:02:46.137540 ,              128 ,             10000 ,        0.08097862103579129  ,       0.41016659517995857  ,      0.999  ,4.1662483941734236e-05 ,                 20000 ,tiny            ,                     4 ,                        15000 ,              128 ,PRUNED
 6 ,     6 ,-16.928874099999998 ,2024-01-26 13:23:07.533854 ,2024-01-26 13:25:55.949922 ,0 days 00:02:48.416068 ,               32 ,             10000 ,        0.08525351175604276  ,       0.38726427502484145  ,      0.999  ,0.00042059644227488503 ,                  5000 ,small           ,                     8 ,                         1000 ,                8 ,PRUNED
 7 ,     7 ,-16.9282169         ,2024-01-26 13:25:55.950921 ,2024-01-26 13:28:44.144568 ,0 days 00:02:48.193647 ,              256 ,             10000 ,        0.1214648106359898   ,       0.29835922859046354  ,      0.98   ,0.0005802776568090372  ,                  1000 ,tiny            ,                     8 ,                        20000 ,             1000 ,PRUNED
 8 ,     8 ,-16.926790599999997 ,2024-01-26 13:28:44.145569 ,2024-01-26 13:31:33.370212 ,0 days 00:02:49.224643 ,               64 ,             50000 ,        0.05965035428979068  ,       0.2829925113914201   ,      0.95   ,0.8477863811997143     ,                 20000 ,small           ,                     4 ,                            1 ,                1 ,PRUNED
 9 ,     9 ,-8.5646706          ,2024-01-26 13:31:33.371211 ,2024-01-26 13:36:59.346686 ,0 days 00:05:25.975475 ,               16 ,            100000 ,        0.04701557826205014  ,       0.47955784526333195  ,      0.9    ,1.0135888686315575e-05 ,                  5000 ,small           ,                     1 ,                         5000 ,               16 ,COMPLETE
10 ,    10 ,-10.5429347         ,2024-01-26 13:36:59.346686 ,2024-01-26 13:42:21.293352 ,0 days 00:05:21.946666 ,              100 ,             10000 ,        0.12067584323083527  ,       0.020840452198941373 ,      0.999  ,0.00016251665457896137 ,                  1000 ,tiny            ,                     8 ,                            1 ,              128 ,COMPLETE
11 ,    11 ,-16.9296924         ,2024-01-26 13:42:21.294352 ,2024-01-26 13:45:12.813703 ,0 days 00:02:51.519351 ,               16 ,            100000 ,        0.041896802881334974 ,       0.498201644460918    ,      0.9    ,1.1558340683040669e-05 ,                  5000 ,small           ,                     1 ,                         5000 ,               16 ,PRUNED
12 ,    12 ,-16.926713899999996 ,2024-01-26 13:45:12.814703 ,2024-01-26 13:48:05.199068 ,0 days 00:02:52.384365 ,               16 ,            100000 ,        0.04693509546026353  ,       0.34506765796018546  ,      0.9    ,6.969333032378125e-05  ,                  5000 ,small           ,                     1 ,                         5000 ,               16 ,PRUNED
13 ,    13 ,-16.9290189         ,2024-01-26 13:48:05.200068 ,2024-01-26 13:50:59.575913 ,0 days 00:02:54.375845 ,               16 ,            100000 ,        0.10042512311039148  ,       0.21503602178184042  ,      0.9    ,1.1120521247280394e-05 ,                     0 ,small           ,                     1 ,                         5000 ,               16 ,PRUNED
14 ,    14 ,-16.926085099999998 ,2024-01-26 13:50:59.576910 ,2024-01-26 13:57:22.561759 ,0 days 00:06:22.984849 ,              128 ,             10000 ,        0.059594506286686194 ,       0.49060058811114876  ,      0.95   ,0.0026924478746529626  ,                  5000 ,small           ,                     8 ,                        20000 ,             1000 ,COMPLETE
15 ,    15 ,-16.9291218         ,2024-01-26 13:57:22.562759 ,2024-01-26 14:00:11.146789 ,0 days 00:02:48.584030 ,              100 ,            100000 ,        0.02972178497564979  ,       0.14637233016814954  ,      0.9999 ,0.00016041189493935505 ,                 20000 ,medium          ,                     1 ,                         1000 ,                4 ,PRUNED
16 ,    16 ,2.3772081999999997  ,2024-01-26 14:00:11.147788 ,2024-01-26 14:05:28.072885 ,0 days 00:05:16.925097 ,              256 ,           1000000 ,        0.18676227193876926  ,       0.43833120201436265  ,      0.98   ,0.0010564071142546362  ,                  5000 ,small           ,                     4 ,                        15000 ,                8 ,COMPLETE
17 ,    17 ,-16.929391799999998 ,2024-01-26 14:05:28.072885 ,2024-01-26 14:08:14.483321 ,0 days 00:02:46.410436 ,              256 ,           1000000 ,        0.18901012387006444  ,       0.34854218215664606  ,      0.98   ,0.003485820055219496   ,                 20000 ,small           ,                     4 ,                        15000 ,                8 ,PRUNED
18 ,    18 ,0.25750329999999977 ,2024-01-26 14:08:14.484321 ,2024-01-26 14:13:31.203985 ,0 days 00:05:16.719664 ,              256 ,           1000000 ,        0.19954366808493848  ,       0.24688678881788295  ,      0.98   ,0.0009315797023314564  ,                  1000 ,tiny            ,                     4 ,                        15000 ,                8 ,COMPLETE
19 ,    19 ,0.3352275999999996  ,2024-01-26 14:13:31.204987 ,2024-01-26 14:18:48.884330 ,0 days 00:05:17.679343 ,              256 ,           1000000 ,        0.1923653352166701   ,       0.43127116099226803  ,      0.98   ,0.013188236519127499   ,                  1000 ,tiny            ,                     4 ,                        15000 ,                8 ,COMPLETE
20 ,    20 ,0.17666349999999956 ,2024-01-26 14:18:48.885331 ,2024-01-26 14:24:06.039467 ,0 days 00:05:17.154136 ,              256 ,           1000000 ,        0.16353646437864724  ,       0.44676500414913123  ,      0.98   ,0.021031632529425526   ,                  1000 ,tiny            ,                     4 ,                        15000 ,                8 ,COMPLETE
21 ,    21 ,-1.8228430000000002 ,2024-01-26 14:24:06.040467 ,2024-01-26 14:29:22.464971 ,0 days 00:05:16.424504 ,              256 ,           1000000 ,        0.19561267057130238  ,       0.4151454284913605   ,      0.98   ,0.0012956006095533519  ,                  1000 ,tiny            ,                     4 ,                        15000 ,                8 ,COMPLETE
22 ,    22 ,-1.8504588000000008 ,2024-01-26 14:29:22.465970 ,2024-01-26 14:34:38.566943 ,0 days 00:05:16.100973 ,              256 ,           1000000 ,        0.17782477400981211  ,       0.3414772805789497   ,      0.98   ,0.012987247537976445   ,                  1000 ,tiny            ,                     4 ,                        15000 ,                8 ,COMPLETE
23 ,    23 ,4.6201170000000005  ,2024-01-26 14:34:38.567943 ,2024-01-26 14:39:55.540466 ,0 days 00:05:16.972523 ,              256 ,           1000000 ,        0.15032284207319108  ,       0.2782916150460703   ,      0.98   ,0.0008872899826749436  ,                  1000 ,tiny            ,                     4 ,                        15000 ,                8 ,COMPLETE
24 ,    24 ,-12.736180200000003 ,2024-01-26 14:39:55.541466 ,2024-01-26 14:42:45.310672 ,0 days 00:02:49.769206 ,              256 ,           1000000 ,        0.14710509442468622  ,       0.4437672183482278   ,      0.98   ,0.23271236333785142    ,                  1000 ,tiny            ,                     4 ,                        15000 ,                8 ,PRUNED
25 ,    25 ,0.27402029999999983 ,2024-01-26 14:42:45.311672 ,2024-01-26 14:48:16.768034 ,0 days 00:05:31.456362 ,               64 ,           1000000 ,        0.15318570008001717  ,       0.38380763705185544  ,      0.995  ,0.010073018862632094   ,                  1000 ,tiny            ,                     4 ,                        15000 ,                1 ,COMPLETE
26 ,    26 ,-1.8880406000000007 ,2024-01-26 14:48:16.769035 ,2024-01-26 14:51:06.516875 ,0 days 00:02:49.747840 ,               32 ,           1000000 ,        0.17975848138746564  ,       0.2908530397195146   ,      0.98   ,0.0023132765518857875  ,                     0 ,tiny            ,                     4 ,                        15000 ,                8 ,PRUNED
27 ,    27 ,2.4230436999999996  ,2024-01-26 14:51:06.517879 ,2024-01-26 14:56:30.029925 ,0 days 00:05:23.512046 ,              256 ,             50000 ,        0.12641808797892778  ,       0.453446236716442    ,      0.98   ,0.00024520948901393306 ,                 10000 ,medium          ,                     2 ,                        15000 ,                8 ,COMPLETE
28 ,    28 ,2.4246288999999996  ,2024-01-26 14:56:30.030926 ,2024-01-26 15:01:52.381625 ,0 days 00:05:22.350699 ,              256 ,             50000 ,        0.124427075311131    ,       0.3729171801890627   ,      0.98   ,0.00023745826722849626 ,                 10000 ,medium          ,                     2 ,                        15000 ,                8 ,COMPLETE
29 ,    29 ,-16.924179600000002 ,2024-01-26 15:01:52.381625 ,2024-01-26 15:04:43.866603 ,0 days 00:02:51.484978 ,              256 ,             50000 ,        0.12788847688703137  ,       0.32622592654728066  ,      0.98   ,0.00023158467449562635 ,                 10000 ,medium          ,                     2 ,                         1000 ,                8 ,PRUNED
30 ,    30 ,2.4147925           ,2024-01-26 15:04:43.866603 ,2024-01-26 15:10:21.277218 ,0 days 00:05:37.410615 ,              256 ,             50000 ,        0.13248416653392636  ,       0.3770385625120488   ,      0.99   ,6.103205136025761e-05  ,                 10000 ,medium          ,                     2 ,                        10000 ,                1 ,COMPLETE
31 ,    31 ,2.3780333           ,2024-01-26 15:10:21.278217 ,2024-01-26 15:15:57.469191 ,0 days 00:05:36.190974 ,              256 ,             50000 ,        0.1321524888841482   ,       0.38115881687664643  ,      0.99   ,7.465681994409039e-05  ,                 10000 ,medium          ,                     2 ,                        10000 ,                1 ,COMPLETE
32 ,    32 ,2.4254621           ,2024-01-26 15:15:57.470191 ,2024-01-26 15:21:36.275252 ,0 days 00:05:38.805061 ,              256 ,             50000 ,        0.10785750278952841  ,       0.3756059923302566   ,      0.99   ,0.00027412727641958756 ,                 10000 ,medium          ,                     2 ,                        10000 ,                1 ,COMPLETE
33 ,    33 ,2.4247794000000003  ,2024-01-26 15:21:36.276253 ,2024-01-26 15:27:13.277374 ,0 days 00:05:37.001121 ,              256 ,             50000 ,        0.1065984597877396   ,       0.2699294010118115   ,      0.99   ,0.0002962427411386671  ,                 10000 ,medium          ,                     2 ,                        10000 ,                1 ,COMPLETE
34 ,    34 ,4.6153856           ,2024-01-26 15:27:13.277374 ,2024-01-26 15:32:50.643434 ,0 days 00:05:37.366060 ,              100 ,             50000 ,        0.09288471826772857  ,       0.26191182117488604  ,      0.99   ,0.0004075265138236943  ,                 10000 ,medium          ,                     2 ,                        10000 ,                1 ,COMPLETE
35 ,    35 ,4.617097800000001   ,2024-01-26 15:32:50.643434 ,2024-01-26 15:38:27.595059 ,0 days 00:05:36.951625 ,              100 ,             50000 ,        0.10018460297348877  ,       0.16701091372551155  ,      0.99   ,0.00044239050396737285 ,                 10000 ,medium          ,                     2 ,                        10000 ,                1 ,COMPLETE
36 ,    36 ,0.26658789999999977 ,2024-01-26 15:38:27.596059 ,2024-01-26 15:41:23.917245 ,0 days 00:02:56.321186 ,              100 ,             50000 ,        0.08716751028619435  ,       0.19101489813310105  ,      0.99   ,0.0005143689473774486  ,                 10000 ,medium          ,                     2 ,                        10000 ,                1 ,PRUNED
37 ,    37 ,0.23268879999999958 ,2024-01-26 15:41:23.918245 ,2024-01-26 15:44:12.368484 ,0 days 00:02:48.450239 ,              100 ,             50000 ,        0.10467812705367877  ,       0.13825988628297486  ,      0.99   ,0.001498050568467679   ,                 10000 ,medium          ,                     2 ,                        10000 ,              256 ,PRUNED
38 ,    38 ,2.427043199999999   ,2024-01-26 15:44:12.369483 ,2024-01-26 15:49:49.769656 ,0 days 00:05:37.400173 ,              100 ,             50000 ,        0.09209153397017358  ,       0.1746586162902766   ,      0.99   ,0.00011357929038942777 ,                 10000 ,medium          ,                     2 ,                        10000 ,                1 ,COMPLETE
39 ,    39 ,2.4667915999999996  ,2024-01-26 15:49:49.770656 ,2024-01-26 15:55:28.715376 ,0 days 00:05:38.944720 ,              100 ,             50000 ,        0.07430255701946697  ,       0.0991568787900354   ,      0.99   ,0.00011296273489338995 ,                 10000 ,medium          ,                     2 ,                        10000 ,                1 ,COMPLETE
40 ,    40 ,-10.4850543         ,2024-01-26 15:55:28.716379 ,2024-01-26 15:58:20.129556 ,0 days 00:02:51.413177 ,              100 ,             50000 ,        0.07262590663504281  ,       0.08114415749619217  ,      0.9999 ,2.8979523553822784e-05 ,                 10000 ,medium          ,                     2 ,                        10000 ,                4 ,PRUNED
41 ,    41 ,4.6171481000000005  ,2024-01-26 15:58:20.130562 ,2024-01-26 16:03:55.108565 ,0 days 00:05:34.978003 ,              100 ,             50000 ,        0.09119274903807652  ,       0.17644432777156657  ,      0.99   ,0.0007602303405256469  ,                 10000 ,medium          ,                     2 ,                        10000 ,                1 ,COMPLETE
42 ,    42 ,4.6110736           ,2024-01-26 16:03:55.109564 ,2024-01-26 16:09:33.820161 ,0 days 00:05:38.710597 ,              100 ,             50000 ,        0.06911684814073969  ,       0.10474048591158233  ,      0.99   ,0.0006005502841038829  ,                 10000 ,medium          ,                     2 ,                        10000 ,                1 ,COMPLETE
43 ,    43 ,4.6201653           ,2024-01-26 16:09:33.821161 ,2024-01-26 16:15:11.434965 ,0 days 00:05:37.613804 ,              100 ,             50000 ,        0.06632269798938029  ,       0.2410487525532139   ,      0.99   ,0.0006718622180109642  ,                 10000 ,medium          ,                     2 ,                        10000 ,                1 ,COMPLETE
44 ,    44 ,4.1266479           ,2024-01-26 16:15:11.435965 ,2024-01-26 16:20:37.743012 ,0 days 00:05:26.307047 ,              512 ,             50000 ,        0.059735112554515635 ,       0.24436760226659143  ,      0.995  ,0.00473453138234392    ,                     0 ,medium          ,                     2 ,                            1 ,              128 ,COMPLETE
45 ,    45 ,4.6164883           ,2024-01-26 16:20:37.744013 ,2024-01-26 16:26:13.683951 ,0 days 00:05:35.939938 ,              100 ,             50000 ,        0.11366222433552417  ,       0.19402423142487793  ,      0.99   ,0.0006768695027121344  ,                 10000 ,medium          ,                     2 ,                        20000 ,                1 ,COMPLETE
46 ,    46 ,0.2034027999999995  ,2024-01-26 16:26:13.684951 ,2024-01-26 16:29:01.837870 ,0 days 00:02:48.152919 ,              100 ,             10000 ,        0.11487900591469839  ,       0.19599671075707076  ,      0.95   ,0.0007305824083027008  ,                 10000 ,medium          ,                     8 ,                        20000 ,              256 ,PRUNED
47 ,    47 ,-1.8848837          ,2024-01-26 16:29:01.838869 ,2024-01-26 16:35:27.301530 ,0 days 00:06:25.462661 ,              128 ,             50000 ,        0.1141492158270391   ,       0.2237733504584237   ,      0.999  ,0.0019175061655742572  ,                 10000 ,medium          ,                     2 ,                        20000 ,             1000 ,COMPLETE
48 ,    48 ,0.2730547999999997  ,2024-01-26 16:35:27.302529 ,2024-01-26 16:38:15.940004 ,0 days 00:02:48.637475 ,               32 ,             50000 ,        0.13950357855119672  ,       0.1348913256056977   ,      0.99   ,0.0041592901931483     ,                 20000 ,medium          ,                     2 ,                        20000 ,                1 ,PRUNED
49 ,    49 ,0.30053969999999997 ,2024-01-26 16:38:15.941005 ,2024-01-26 16:41:18.605860 ,0 days 00:03:02.664855 ,              100 ,             50000 ,        0.07817536866238727  ,       0.22987930734216552  ,      0.99   ,0.006376080466088887   ,                     0 ,medium          ,                     8 ,                        20000 ,                1 ,PRUNED
50 ,    50 ,-16.9305735         ,2024-01-26 16:41:18.606860 ,2024-01-26 16:44:15.896702 ,0 days 00:02:57.289842 ,               64 ,             10000 ,        0.0936101273161085   ,       0.1670654298881425   ,      0.9999 ,0.0008321903015743617  ,                 10000 ,medium          ,                     2 ,                            1 ,                1 ,PRUNED
51 ,    51 ,4.617851600000001   ,2024-01-26 16:44:15.897701 ,2024-01-26 16:49:53.435690 ,0 days 00:05:37.537989 ,              100 ,             50000 ,        0.09458437864501415  ,       0.2706576327889142   ,      0.99   ,0.00042253812991028216 ,                 10000 ,medium          ,                     2 ,                        10000 ,                1 ,COMPLETE
52 ,    52 ,0.2698282000000001  ,2024-01-26 16:49:53.436691 ,2024-01-26 16:52:49.534015 ,0 days 00:02:56.097324 ,              100 ,             50000 ,        0.06648706944840366  ,       0.19805003387024692  ,      0.99   ,0.0003774216238713615  ,                 10000 ,medium          ,                     2 ,                        10000 ,                1 ,PRUNED
53 ,    53 ,-1.9639664000000003 ,2024-01-26 16:52:49.535016 ,2024-01-26 16:55:39.304732 ,0 days 00:02:49.769716 ,              100 ,             50000 ,        0.08480590301835406  ,       0.3030137842477801   ,      0.99   ,0.001456631692791646   ,                 10000 ,medium          ,                     2 ,                         1000 ,              128 ,PRUNED
54 ,    54 ,-2.0082219000000006 ,2024-01-26 16:55:39.305732 ,2024-01-26 16:58:34.578299 ,0 days 00:02:55.272567 ,              512 ,            100000 ,        0.11493290077110943  ,       0.23455951723699298  ,      0.99   ,0.0006171692788738024  ,                 10000 ,medium          ,                     1 ,                        10000 ,                4 ,PRUNED
55 ,    55 ,2.4195862999999997  ,2024-01-26 16:58:34.579300 ,2024-01-26 17:01:34.026240 ,0 days 00:02:59.446940 ,              100 ,             50000 ,        0.029936716889557416 ,       0.31531061763256074  ,      0.999  ,0.002586360100136751   ,                  5000 ,medium          ,                     2 ,                         5000 ,                1 ,PRUNED
56 ,    56 ,-16.927780900000002 ,2024-01-26 17:01:34.027242 ,2024-01-26 17:04:21.195332 ,0 days 00:02:47.168090 ,              100 ,             50000 ,        0.09768304704443916  ,       0.26482613756295825  ,      0.9    ,0.0010656482722641134  ,                 20000 ,tiny            ,                     2 ,                        20000 ,             1000 ,PRUNED
57 ,    57 ,4.613776499999999   ,2024-01-26 17:04:21.196331 ,2024-01-26 17:09:48.856495 ,0 days 00:05:27.660164 ,               16 ,            100000 ,        0.07995394820775238  ,       0.1201474117087925   ,      0.95   ,0.00045718544449249347 ,                 10000 ,medium          ,                     1 ,                        10000 ,               16 ,COMPLETE
58 ,    58 ,-16.9648842         ,2024-01-26 17:09:48.856495 ,2024-01-26 17:12:44.840672 ,0 days 00:02:55.984177 ,              128 ,             50000 ,        0.002888191842190177 ,       0.210105155066328    ,      0.995  ,0.0001243095942652981  ,                  1000 ,tiny            ,                     8 ,                        10000 ,                1 ,PRUNED
59 ,    59 ,-16.925240199999998 ,2024-01-26 17:12:44.841674 ,2024-01-26 17:15:34.766741 ,0 days 00:02:49.925067 ,              100 ,             10000 ,        0.1555085896723146   ,       0.04706815488875646  ,      0.99   ,0.00017147210957404812 ,                 10000 ,small           ,                     2 ,                            1 ,              256 ,PRUNED
60 ,    60 ,0.2310242999999997  ,2024-01-26 17:15:34.766741 ,2024-01-26 17:18:33.944566 ,0 days 00:02:59.177825 ,              100 ,             50000 ,        0.05506921016952218  ,       0.18263303283104618  ,      0.99   ,0.0018983049470080618  ,                  1000 ,medium          ,                     2 ,                        20000 ,                1 ,PRUNED
61 ,    61 ,4.585595199999999   ,2024-01-26 17:18:33.945566 ,2024-01-26 17:24:07.396904 ,0 days 00:05:33.451338 ,              100 ,             50000 ,        0.09130698393872297  ,       0.2647158904857513   ,      0.99   ,0.0003730879098138122  ,                 10000 ,medium          ,                     2 ,                        10000 ,                1 ,COMPLETE
62 ,    62 ,4.569564099999999   ,2024-01-26 17:24:07.397905 ,2024-01-26 17:29:39.179137 ,0 days 00:05:31.781232 ,              100 ,             50000 ,        0.10278272345656558  ,       0.275697802259541    ,      0.99   ,0.0008654550399263681  ,                 10000 ,medium          ,                     2 ,                        10000 ,                1 ,COMPLETE
63 ,    63 ,4.6160284           ,2024-01-26 17:29:39.180135 ,2024-01-26 17:35:10.353263 ,0 days 00:05:31.173128 ,              100 ,           1000000 ,        0.09753153250965409  ,       0.15619800477599916  ,      0.99   ,0.00043052922717889714 ,                 10000 ,medium          ,                     2 ,                        10000 ,                1 ,COMPLETE
64 ,    64 ,0.3078751999999995  ,2024-01-26 17:35:10.354264 ,2024-01-26 17:38:05.558535 ,0 days 00:02:55.204271 ,               64 ,           1000000 ,        0.11153604240509293  ,       0.1541300905567493   ,      0.99   ,0.0014102471691237611  ,                 10000 ,medium          ,                     4 ,                        10000 ,                1 ,PRUNED
65 ,    65 ,4.615322400000001   ,2024-01-26 17:38:05.559534 ,2024-01-26 17:43:31.903823 ,0 days 00:05:26.344289 ,              100 ,           1000000 ,        0.0989359565350927   ,       0.21160369376019317  ,      0.9    ,0.0007108120761078257  ,                  5000 ,tiny            ,                     2 ,                         1000 ,                1 ,COMPLETE
66 ,    66 ,0.3378624000000003  ,2024-01-26 17:43:31.904822 ,2024-01-26 17:46:24.687082 ,0 days 00:02:52.782260 ,               32 ,           1000000 ,        0.12147227857287608  ,       0.16314719441583478  ,      0.99   ,0.0001801340289091116  ,                     0 ,medium          ,                     2 ,                         5000 ,               16 ,PRUNED
67 ,    67 ,-12.5888964         ,2024-01-26 17:46:24.688081 ,2024-01-26 17:49:11.555292 ,0 days 00:02:46.867211 ,              100 ,           1000000 ,        0.1683724219791513   ,       0.11883511030549038  ,      0.9999 ,0.0003391495631369979  ,                 10000 ,small           ,                     4 ,                        10000 ,              128 ,PRUNED
68 ,    68 ,-4.041828300000001  ,2024-01-26 17:49:11.556292 ,2024-01-26 17:52:12.780606 ,0 days 00:03:01.224314 ,              512 ,           1000000 ,        0.14343483724485617  ,       0.24934696220233232  ,      0.99   ,0.8733249217785466     ,                  1000 ,medium          ,                     2 ,                        10000 ,                1 ,PRUNED
69 ,    69 ,0.30443379999999937 ,2024-01-26 17:52:12.781605 ,2024-01-26 17:55:03.471816 ,0 days 00:02:50.690211 ,               16 ,           1000000 ,        0.06528669969079083  ,       0.2907298027861508   ,      0.95   ,0.0009910890764903858  ,                 10000 ,tiny            ,                     1 ,                        10000 ,                4 ,PRUNED
70 ,    70 ,-16.929323399999998 ,2024-01-26 17:55:03.472817 ,2024-01-26 17:57:50.186276 ,0 days 00:02:46.713459 ,              100 ,            100000 ,        0.08496699381389111  ,       0.18139307633981605  ,      0.99   ,0.0073163945588363205  ,                 20000 ,medium          ,                     2 ,                        10000 ,             1000 ,PRUNED
71 ,    71 ,4.606088099999999   ,2024-01-26 17:57:50.187280 ,2024-01-26 18:03:24.233324 ,0 days 00:05:34.046044 ,              100 ,             50000 ,        0.09614596116697284  ,       0.20509840267012555  ,      0.99   ,0.00046075632086114635 ,                 10000 ,medium          ,                     2 ,                        10000 ,                1 ,COMPLETE
72 ,    72 ,-1.9664086000000005 ,2024-01-26 18:03:24.234325 ,2024-01-26 18:06:18.334485 ,0 days 00:02:54.100160 ,              100 ,             50000 ,        0.08759315758688513  ,       0.25526942856975154  ,      0.99   ,0.000523620377869617   ,                 10000 ,medium          ,                     2 ,                        10000 ,                1 ,PRUNED
73 ,    73 ,4.605653            ,2024-01-26 18:06:18.335484 ,2024-01-26 18:11:49.889176 ,0 days 00:05:31.553692 ,              100 ,             50000 ,        0.03822355511049187  ,       0.31146170664931394  ,      0.99   ,0.0034258825083666104  ,                 10000 ,medium          ,                     2 ,                        10000 ,                1 ,COMPLETE
74 ,    74 ,2.4263901           ,2024-01-26 18:11:49.890175 ,2024-01-26 18:17:23.865776 ,0 days 00:05:33.975601 ,              100 ,             50000 ,        0.10358081730940565  ,       0.23705413347053692  ,      0.999  ,0.0002877209603888625  ,                 10000 ,medium          ,                     2 ,                        10000 ,                1 ,COMPLETE
75 ,    75 ,0.22651469999999999 ,2024-01-26 18:17:23.865776 ,2024-01-26 18:20:18.613302 ,0 days 00:02:54.747526 ,              100 ,           1000000 ,        0.07509672011652277  ,       0.2851377855614012   ,      0.99   ,0.00017982088721211017 ,                 10000 ,medium          ,                     4 ,                        10000 ,                1 ,PRUNED
76 ,    76 ,4.612115            ,2024-01-26 18:20:18.614303 ,2024-01-26 18:25:53.135129 ,0 days 00:05:34.520826 ,              128 ,             50000 ,        0.05114285460223065  ,       0.2230404670004582   ,      0.995  ,0.0012126124279776037  ,                 10000 ,medium          ,                     2 ,                        15000 ,                1 ,COMPLETE
77 ,    77 ,-6.228928499999999  ,2024-01-26 18:25:53.136128 ,2024-01-26 18:28:45.109746 ,0 days 00:02:51.973618 ,              100 ,             50000 ,        0.11850992041327599  ,       0.15043717960424927  ,      0.99   ,9.010111586335316e-05  ,                 10000 ,tiny            ,                     2 ,                        20000 ,                1 ,PRUNED
78 ,    78 ,4.6178772           ,2024-01-26 18:28:45.110748 ,2024-01-26 18:34:18.454765 ,0 days 00:05:33.344017 ,               32 ,             10000 ,        0.10831035007471626  ,       0.3343748181063665   ,      0.99   ,5.603050219007605e-05  ,                  1000 ,medium          ,                     8 ,                        10000 ,                1 ,COMPLETE
79 ,    79 ,-16.930150699999995 ,2024-01-26 18:34:18.455765 ,2024-01-26 18:37:05.695304 ,0 days 00:02:47.239539 ,               32 ,             10000 ,        0.10993604445676422  ,       0.32901456148743013  ,      0.98   ,6.0056633656026144e-05 ,                  1000 ,small           ,                     8 ,                         1000 ,              256 ,PRUNED
80 ,    80 ,-16.928221999999998 ,2024-01-26 18:37:05.695304 ,2024-01-26 18:39:54.905874 ,0 days 00:02:49.210570 ,               32 ,             10000 ,        0.1306185988723103   ,       0.13071712894517595  ,      0.99   ,4.0045402450677344e-05 ,                  1000 ,medium          ,                     8 ,                         5000 ,                8 ,PRUNED
81 ,    81 ,4.6141134           ,2024-01-26 18:39:54.906873 ,2024-01-26 18:45:31.756047 ,0 days 00:05:36.849174 ,               32 ,             10000 ,        0.09219501247397245  ,       0.17372178651302184  ,      0.99   ,0.00022798766378979586 ,                  1000 ,medium          ,                     8 ,                        10000 ,                1 ,COMPLETE
82 ,    82 ,-12.736954800000003 ,2024-01-26 18:45:31.757047 ,2024-01-26 18:48:30.174681 ,0 days 00:02:58.417634 ,               32 ,             10000 ,        0.08097893900166227  ,       0.25320631736730226  ,      0.99   ,0.04772231718090865    ,                  1000 ,medium          ,                     8 ,                        10000 ,                1 ,PRUNED
83 ,    83 ,-1.9661910000000002 ,2024-01-26 18:48:30.175681 ,2024-01-26 18:51:27.872402 ,0 days 00:02:57.696721 ,               64 ,             50000 ,        0.10064725806461454  ,       0.34685681824104175  ,      0.99   ,0.0006697744152099069  ,                  1000 ,medium          ,                     2 ,                        10000 ,                1 ,PRUNED
84 ,    84 ,0.21102890000000007 ,2024-01-26 18:51:27.873402 ,2024-01-26 18:54:21.928621 ,0 days 00:02:54.055219 ,              100 ,           1000000 ,        0.10813810369992441  ,       0.18839128982987063  ,      0.99   ,0.0018224905696802712  ,                 10000 ,medium          ,                     4 ,                        10000 ,                1 ,PRUNED
85 ,    85 ,-16.9305709         ,2024-01-26 18:54:21.929622 ,2024-01-26 18:57:20.034818 ,0 days 00:02:58.105196 ,              100 ,             10000 ,        0.11810265895271686  ,       0.3267133310336757   ,      0.99   ,0.0003792831109851549  ,                  5000 ,medium          ,                     8 ,                            1 ,                1 ,PRUNED
86 ,    86 ,-12.7733751         ,2024-01-26 18:57:20.035817 ,2024-01-26 19:00:09.227457 ,0 days 00:02:49.191640 ,              100 ,             50000 ,        0.0882708573101765   ,       0.3569025801540864   ,      0.9    ,0.4748896290126961     ,                 10000 ,medium          ,                     2 ,                        15000 ,               16 ,PRUNED
87 ,    87 ,0.1333856999999999  ,2024-01-26 19:00:09.228464 ,2024-01-26 19:03:03.257740 ,0 days 00:02:54.029276 ,              512 ,             50000 ,        0.0988339717657906   ,       0.2198221364011633   ,      0.9999 ,0.0005468124874014579  ,                 10000 ,medium          ,                     2 ,                        10000 ,                1 ,PRUNED
88 ,    88 ,-4.118588699999999  ,2024-01-26 19:03:03.258742 ,2024-01-26 19:05:53.278403 ,0 days 00:02:50.019661 ,               16 ,             50000 ,        0.015807763452737447 ,       0.30091454560644865  ,      0.99   ,0.00022247561476294902 ,                     0 ,tiny            ,                     2 ,                        20000 ,                8 ,PRUNED
89 ,    89 ,2.4253846           ,2024-01-26 19:05:53.279403 ,2024-01-26 19:08:45.600468 ,0 days 00:02:52.321065 ,              100 ,           1000000 ,        0.124819969275955    ,       0.20337947621178487  ,      0.98   ,0.00013775310025908988 ,                  1000 ,medium          ,                     1 ,                        10000 ,              128 ,PRUNED
90 ,    90 ,0.19020049999999983 ,2024-01-26 19:08:45.601469 ,2024-01-26 19:11:32.737925 ,0 days 00:02:47.136456 ,              100 ,            100000 ,        0.1374320631485363   ,       0.2831274943204844   ,      0.99   ,0.0008773974202676034  ,                 10000 ,medium          ,                     4 ,                        10000 ,                4 ,PRUNED
91 ,    91 ,0.22170040000000002 ,2024-01-26 19:11:32.738925 ,2024-01-26 19:14:25.162223 ,0 days 00:02:52.423298 ,              100 ,           1000000 ,        0.09897598610224664  ,       0.3974161350680602   ,      0.9    ,0.0006324281643126298  ,                  5000 ,tiny            ,                     2 ,                         1000 ,                1 ,PRUNED
92 ,    92 ,0.18479349999999953 ,2024-01-26 19:14:25.163222 ,2024-01-26 19:17:18.235710 ,0 days 00:02:53.072488 ,              100 ,           1000000 ,        0.09473199389141986  ,       0.21547537934693975  ,      0.9    ,0.0007967917572032509  ,                  5000 ,tiny            ,                     2 ,                         1000 ,                1 ,PRUNED
93 ,    93 ,-16.9291745         ,2024-01-26 19:17:18.236709 ,2024-01-26 19:20:11.719982 ,0 days 00:02:53.483273 ,              100 ,           1000000 ,        0.08281328021872487  ,       0.24207519067588132  ,      0.9    ,0.00031827850712457895 ,                  5000 ,tiny            ,                     2 ,                         1000 ,                1 ,PRUNED
94 ,    94 ,2.4499458           ,2024-01-26 19:20:11.720980 ,2024-01-26 19:25:44.511031 ,0 days 00:05:32.790051 ,              100 ,           1000000 ,        0.10524641988517713  ,       0.26231434395338493  ,      0.9    ,0.0011228651654072558  ,                  5000 ,tiny            ,                     2 ,                         1000 ,                1 ,COMPLETE
95 ,    95 ,-16.927126599999998 ,2024-01-26 19:25:44.512031 ,2024-01-26 19:28:49.694137 ,0 days 00:03:05.182106 ,              128 ,             50000 ,        0.09026936774910348  ,       0.16475557366544374  ,      0.999  ,0.0004271939275075393  ,                  5000 ,tiny            ,                     2 ,                        15000 ,                1 ,PRUNED
96 ,    96 ,-16.930839900000002 ,2024-01-26 19:28:49.695138 ,2024-01-26 19:31:42.077392 ,0 days 00:02:52.382254 ,               32 ,           1000000 ,        0.11163635725414567  ,       0.14149326336471665  ,      0.99   ,1.565847737639067e-05  ,                 20000 ,medium          ,                     2 ,                         1000 ,             1000 ,PRUNED
97 ,    97 ,2.422569            ,2024-01-26 19:31:42.078391 ,2024-01-26 19:34:33.957655 ,0 days 00:02:51.879264 ,              256 ,             50000 ,        0.0762308251010569   ,       0.2734393632783147   ,      0.95   ,0.0022565209543668955  ,                 10000 ,tiny            ,                     2 ,                        10000 ,                1 ,PRUNED
98 ,    98 ,2.4213421           ,2024-01-26 19:34:33.958657 ,2024-01-26 19:37:27.272467 ,0 days 00:02:53.313810 ,              100 ,             10000 ,        0.09557666345648387  ,       0.23195325600264285  ,      0.99   ,0.000699897867493229   ,                 10000 ,medium          ,                     8 ,                        10000 ,                1 ,PRUNED
99 ,    99 ,2.4144126           ,2024-01-26 19:37:27.273466 ,2024-01-26 19:40:15.486536 ,0 days 00:02:48.213070 ,              100 ,             50000 ,        0.16006582908611694  ,       0.1975346203454512   ,      0.995  ,0.0016675782241840217  ,                 10000 ,small           ,                     2 ,                        20000 ,                8 ,PRUNED
